Cpu,mae,mse,rmse,File,num,depth,jobs,verbose
18.711384,0.8672810579842889,2.63008105307625,1.6217524635641067,feynman_II_11_20.csv,84,9,12,9
22.01255,0.3824067941471674,0.7805946882068743,0.883512698384621,feynman_II_11_20.csv,69,15,14,17
25.690165,0.3799369692863264,0.7735820376136325,0.87953512585549,feynman_II_11_20.csv,80,15,11,6
3.525507,3.5949390598531035,38.171850635640546,6.178337206371999,feynman_II_11_20.csv,98,1,15,6
19.723606,3.144030768356811,30.695176469755825,5.540322776676088,feynman_II_11_20.csv,312,2,20,4
49.62527400000001,0.4270019838083968,0.8491377433491814,0.9214867027522324,feynman_II_11_20.csv,174,13,18,20
49.841442,0.5733503213771685,1.2731924544067414,1.1283583005440876,feynman_II_11_20.csv,193,11,6,1
30.344538,2.318156643166434,17.35608860681076,4.166063922554569,feynman_II_11_20.csv,259,4,2,10
28.736622999999998,3.1393827201721076,30.634282174001193,5.534824493513882,feynman_II_11_20.csv,460,2,16,12
86.96193299999999,1.2969766896350174,5.674650060138697,2.3821524006953663,feynman_II_11_20.csv,474,7,4,17
132.642494,0.42213883368420013,0.8272341041228147,0.909524108599005,feynman_II_11_20.csv,459,13,9,17
44.11932,0.4860653846706792,0.9964887639694812,0.9982428381759026,feynman_II_11_20.csv,162,12,12,13
75.29916800000001,0.36060196943255934,0.7262289371100611,0.8521906694572883,feynman_II_11_20.csv,226,16,10,18
78.225449,0.4242526496421293,0.8381166627555591,0.9154871177441872,feynman_II_11_20.csv,272,13,2,15
163.38358300000002,0.3497382554843657,0.702198694998843,0.8379729679404002,feynman_II_11_20.csv,459,19,14,6
105.24013899999999,0.3520568685305689,0.7132642308682116,0.8445497207791922,feynman_II_11_20.csv,299,18,8,19
179.44295400000001,0.3494602077793192,0.7001468690880879,0.8367477929986358,feynman_II_11_20.csv,491,19,20,9
107.29607,0.3666156086945223,0.7283504581565219,0.8534345072450035,feynman_II_11_20.csv,415,15,1,12
145.69571100000002,0.3667583674399014,0.7263486185271717,0.8522608864233837,feynman_II_11_20.csv,443,15,7,2
110.91003300000001,0.4228434194632949,0.8337506581882226,0.9130994788018568,feynman_II_11_20.csv,373,13,13,8
115.375879,0.35202482471339946,0.7106462283986317,0.8429983561067196,feynman_II_11_20.csv,316,18,18,5
1.425928,0.685014752685574,1.7910762754938665,1.338310978619643,feynman_II_11_20.csv,6,11,3,20
11.729805,2.1146155918513125,7.977507272287378,2.8244481358820135,feynman_III_15_12.csv,84,9,12,9
14.337545,0.5636331465781845,0.7212306324207242,0.8492529849348333,feynman_III_15_12.csv,69,15,14,17
16.339426,0.5629723599613141,0.7205413492518961,0.8488470705915737,feynman_III_15_12.csv,80,15,11,6
2.372984,3.9180623713104152,21.965287215637947,4.6867139037536685,feynman_III_15_12.csv,98,1,15,6
12.437971,3.8325720043962206,20.89053564990429,4.570616550303066,feynman_III_15_12.csv,312,2,20,4
31.57812,0.9086666020137936,1.9023420017817343,1.3792541469148225,feynman_III_15_12.csv,174,13,18,20
31.362257000000003,1.4377002467571345,4.2983229572353885,2.0732397249800587,feynman_III_15_12.csv,193,11,6,1
18.684208,3.63503244078808,18.90162135613688,4.347599493529375,feynman_III_15_12.csv,259,4,2,10
53.164876,2.860097874435516,12.886639625402275,3.5897965994471432,feynman_III_15_12.csv,474,7,4,17
18.428160000000002,3.8325633073514696,20.890057720449377,4.570564267182924,feynman_III_15_12.csv,460,2,16,12
83.467271,0.9084944886577428,1.9028780021177711,1.379448441268383,feynman_III_15_12.csv,459,13,9,17
28.567193000000003,1.1485986900755234,2.907876475458663,1.7052496812662543,feynman_III_15_12.csv,162,12,12,13
48.696998,0.4547018134009462,0.4632943530134537,0.6806572948359944,feynman_III_15_12.csv,226,16,10,18
49.013446,0.906588005167754,1.8928342253180277,1.3758031201149483,feynman_III_15_12.csv,272,13,2,15
108.10106,0.28762775218387104,0.16945186307422885,0.41164531222185546,feynman_III_15_12.csv,459,19,14,6
69.919978,0.3226378781857207,0.21789582038730215,0.4667931237575187,feynman_III_15_12.csv,299,18,8,19
118.750178,0.2871948198761468,0.16877661800018026,0.41082431524945096,feynman_III_15_12.csv,491,19,20,9
67.32452199999999,0.5619899490767207,0.7234900560949742,0.8505821865610484,feynman_III_15_12.csv,415,15,1,12
92.543706,0.5626460276699327,0.7255815345091444,0.8518107386674251,feynman_III_15_12.csv,443,15,7,2
68.50831,0.9087424699844296,1.9024289486728585,1.3792856660869273,feynman_III_15_12.csv,373,13,13,8
74.325056,0.32260190082995344,0.21853222024206595,0.4674742990176743,feynman_III_15_12.csv,316,18,18,5
0.9016270000000001,1.5183404934250522,4.8215874999081185,2.1958113534427586,feynman_III_15_12.csv,6,11,3,20
15.078255,0.2445960995960003,0.09676818225379713,0.3110758464648085,feynman_III_4_33.csv,84,9,12,9
17.936146,0.07823004053666892,0.01041931729729451,0.10207505717507342,feynman_III_4_33.csv,69,15,14,17
20.698032,0.07798165466345257,0.010342757985574491,0.10169935095945544,feynman_III_4_33.csv,80,15,11,6
2.939901,2.990137697042609,13.897648536358256,3.7279550072872727,feynman_III_4_33.csv,98,1,15,6
15.884554999999999,2.044542662011721,6.399578662284777,2.5297388525863256,feynman_III_4_33.csv,312,2,20,4
39.95458100000001,0.09420431569971653,0.014795147108141091,0.1216353037080152,feynman_III_4_33.csv,174,13,18,20
39.506483,0.14131021212179445,0.032661561881092566,0.1807251003073247,feynman_III_4_33.csv,193,11,6,1
24.215157,0.9450509378260272,1.4084551043165108,1.1867835119837613,feynman_III_4_33.csv,259,4,2,10
23.607242000000003,2.043372226428617,6.390433037429608,2.5279305839816106,feynman_III_4_33.csv,460,2,16,12
69.245496,0.3678734629112093,0.21493960268938336,0.4636157921052554,feynman_III_4_33.csv,474,7,4,17
105.755417,0.09330502316870208,0.014511151409124371,0.1204622405948203,feynman_III_4_33.csv,459,13,9,17
35.30304,0.1132401823377665,0.021149817578401762,0.14542976854276352,feynman_III_4_33.csv,162,12,12,13
60.807095,0.07388580573733143,0.009365127384710405,0.09677358825997104,feynman_III_4_33.csv,226,16,10,18
61.921726,0.09374900977226268,0.014657284540332,0.12106727278803303,feynman_III_4_33.csv,272,13,2,15
84.84269400000002,0.07244947588315527,0.009039047896437462,0.09507390754795693,feynman_III_4_33.csv,299,18,8,19
131.845749,0.07196467290547008,0.008921854423922529,0.09445556851727976,feynman_III_4_33.csv,459,19,14,6
147.282326,0.07191550204362876,0.008912834674639342,0.09440781045358136,feynman_III_4_33.csv,491,19,20,9
85.67063900000001,0.07605780484751437,0.00984005273406492,0.09919703994608367,feynman_III_4_33.csv,415,15,1,12
120.40768700000001,0.07601295204562265,0.009827696795461154,0.09913474060823056,feynman_III_4_33.csv,443,15,7,2
87.47613199999999,0.09355089494525523,0.014593567386726097,0.12080383846023313,feynman_III_4_33.csv,373,13,13,8
94.424729,0.07237922199033878,0.00902348023455582,0.0949920008977378,feynman_III_4_33.csv,316,18,18,5
1.1541530000000002,0.16218347296042734,0.043009046539462914,0.20738622552971767,feynman_III_4_33.csv,6,11,3,20
18.607475,29.566836532795826,2270.660077274733,47.65144360116211,feynman_II_34_29b.csv,84,9,12,9
22.225669,12.158917236822724,500.96603727553526,22.382270601427717,feynman_II_34_29b.csv,69,15,14,17
25.407268,12.02278863069281,488.564732550056,22.103500459204554,feynman_II_34_29b.csv,80,15,11,6
3.5307760000000004,134.76130340667734,40302.852216171086,200.75570282353402,feynman_II_34_29b.csv,98,1,15,6
19.060209,114.72437164079302,30619.169027524433,174.98333928555718,feynman_II_34_29b.csv,312,2,20,4
48.819706,13.684724005704231,581.9136028536735,24.12288545870236,feynman_II_34_29b.csv,174,13,18,20
48.150316,18.833323009919013,990.7948629267978,31.476894111821103,feynman_II_34_29b.csv,193,11,6,1
29.325673,80.83421780287509,15921.782973337351,126.18154767372823,feynman_II_34_29b.csv,259,4,2,10
28.377052000000003,114.742428232136,30631.77921677692,175.01936811900825,feynman_II_34_29b.csv,460,2,16,12
85.130427,45.221909328359835,5199.328456245845,72.10636904078477,feynman_II_34_29b.csv,474,7,4,17
130.713247,13.512757821907844,564.0026607643384,23.748740193204746,feynman_II_34_29b.csv,459,13,9,17
43.69636,15.762208407894859,731.9277666472149,27.054163573232398,feynman_II_34_29b.csv,162,12,12,13
74.12659599999999,11.327427263239803,447.7566208325482,21.16026041504566,feynman_II_34_29b.csv,226,16,10,18
76.546657,13.621805820598373,574.1147709205866,23.960692204537548,feynman_II_34_29b.csv,272,13,2,15
104.112364,11.090705131398922,437.19263405103567,20.90915192089425,feynman_II_34_29b.csv,299,18,8,19
161.494571,11.001301518272042,429.52111788017294,20.724891263410115,feynman_II_34_29b.csv,459,19,14,6
177.214252,11.010860451617901,429.68872354820513,20.728934452793396,feynman_II_34_29b.csv,491,19,20,9
105.89536299999999,11.550407500385873,452.3029273645057,21.267414684547475,feynman_II_34_29b.csv,415,15,1,12
144.51242299999998,11.55447610465105,452.824563223896,21.279674885295968,feynman_II_34_29b.csv,443,15,7,2
108.397018,13.546076865237634,566.3534256854499,23.798181142378287,feynman_II_34_29b.csv,373,13,13,8
112.357722,11.070192162671445,435.0828050450203,20.858638619167365,feynman_II_34_29b.csv,316,18,18,5
1.3564689999999997,22.553745471280326,1434.573317297174,37.875761606826785,feynman_II_34_29b.csv,6,11,3,20
18.091731000000006,0.0007430076191137611,5.1093568679273665e-06,0.002260388654175951,feynman_II_13_17.csv,69,15,14,17
15.521206,0.0018184705777099207,1.3256728876659308e-05,0.0036409791096158883,feynman_II_13_17.csv,84,9,12,9
20.894536,0.0007347824191715946,4.938312632900895e-06,0.0022222314534946393,feynman_II_13_17.csv,80,15,11,6
2.8505450000000003,0.010718969455041534,0.0004144439843129813,0.020357897345084083,feynman_II_13_17.csv,98,1,15,6
15.599542000000001,0.009086526687716548,0.0003212183499142593,0.017922565383177134,feynman_II_13_17.csv,312,2,20,4
41.309795,0.000830529773742254,5.18178872087061e-06,0.002276354260845752,feynman_II_13_17.csv,174,13,18,20
40.52282,0.0011310184536060814,6.68111503018041e-06,0.002584785296727837,feynman_II_13_17.csv,193,11,6,1
24.256556,0.006286474684875635,0.00014703734676701992,0.012125895709885514,feynman_II_13_17.csv,259,4,2,10
23.60348,0.009103237831486595,0.0003224154789399764,0.017955931580956094,feynman_II_13_17.csv,460,2,16,12
70.30266400000001,0.002990072882949509,3.3069374174514064e-05,0.0057505977232383465,feynman_II_13_17.csv,474,7,4,17
109.369396,0.0008232845365768028,5.100232510637569e-06,0.002258369436260943,feynman_II_13_17.csv,459,13,9,17
36.576523,0.0009503065437975768,5.658182827205678e-06,0.0023786935126673377,feynman_II_13_17.csv,162,12,12,13
63.06244399999999,0.0006915932889039397,4.717965703159964e-06,0.002172087867274241,feynman_II_13_17.csv,226,16,10,18
63.79614400000001,0.0008225882474477668,5.0609205526878815e-06,0.002249648984327973,feynman_II_13_17.csv,272,13,2,15
89.768455,0.0006732278274517888,4.677209894383489e-06,0.0021626858057479104,feynman_II_13_17.csv,299,18,8,19
140.77284699999996,0.000674706720807838,4.726872890067344e-06,0.002174137274890283,feynman_II_13_17.csv,459,19,14,6
152.23842,0.0006737329079851088,4.714865827551395e-06,0.0021713741795350234,feynman_II_13_17.csv,491,19,20,9
88.583706,0.00071097343111469,4.763017469897074e-06,0.002182433840898063,feynman_II_13_17.csv,415,15,1,12
118.579546,0.0007115463214657223,4.774420860802975e-06,0.0021850448189460496,feynman_II_13_17.csv,443,15,7,2
90.097755,0.0008206515555426887,5.059160348929431e-06,0.0022492577328819905,feynman_II_13_17.csv,373,13,13,8
94.764217,0.0006734220923290565,4.673233320884789e-06,0.002161766250288127,feynman_II_13_17.csv,316,18,18,5
1.296774,0.0014385690842805658,1.0965974340151185e-05,0.0033114912562395788,feynman_II_13_17.csv,6,11,3,20
11.725431,0.006400328609120843,8.593226295623051e-05,0.00926996563943095,feynman_I_30_5.csv,84,9,12,9
13.967147,0.0016597643889003976,1.0917306947471815e-05,0.003304134825861653,feynman_I_30_5.csv,69,15,14,17
15.866818,0.001648204120353404,1.090196708874382e-05,0.0033018126974048395,feynman_I_30_5.csv,80,15,11,6
2.405848,0.06222691854850625,0.007616092861646762,0.08727022895378908,feynman_I_30_5.csv,98,1,15,6
12.638405,0.050060618086416084,0.004946653496091664,0.07033244980868833,feynman_I_30_5.csv,312,2,20,4
30.868299,0.001976135855536674,1.2746661733178371e-05,0.0035702467328153063,feynman_I_30_5.csv,174,13,18,20
30.210971,0.0032175358143946677,2.5275311322142946e-05,0.0050274557503913395,feynman_I_30_5.csv,193,11,6,1
18.336213,0.029965279702337262,0.0017846600972944945,0.04224523756939348,feynman_I_30_5.csv,259,4,2,10
53.028912,0.012330135141900948,0.0003006317635740371,0.017338735927801573,feynman_I_30_5.csv,474,7,4,17
18.403278,0.050113925664212786,0.0049524482009089535,0.07037363285285869,feynman_I_30_5.csv,460,2,16,12
80.78904299999998,0.0019517342489103265,1.223078658211365e-05,0.0034972541489164967,feynman_I_30_5.csv,459,13,9,17
27.456967,0.002425881123930794,1.6624191596430763e-05,0.004077277473563796,feynman_I_30_5.csv,162,12,12,13
47.986212,0.0015313160322379274,9.85871729327e-06,0.0031398594384573967,feynman_I_30_5.csv,226,16,10,18
48.188014,0.001965463223318365,1.2421305635962468e-05,0.0035243872709965437,feynman_I_30_5.csv,272,13,2,15
104.334899,0.001474488297455881,9.392600278430997e-06,0.003064734944237592,feynman_I_30_5.csv,459,19,14,6
67.413337,0.001485489091335202,9.560167366141864e-06,0.0030919520316689693,feynman_I_30_5.csv,299,18,8,19
115.092711,0.0014754062987359592,9.408074172923593e-06,0.003067258413131113,feynman_I_30_5.csv,491,19,20,9
73.493817,0.001570784029020316,9.841647413810119e-06,0.0031371400054524376,feynman_I_30_5.csv,415,15,1,12
85.533069,0.0015694494200358632,9.829319670927526e-06,0.003135174583803513,feynman_I_30_5.csv,443,15,7,2
65.259969,0.00195602627006916,1.2204987808300325e-05,0.0034935637690330376,feynman_I_30_5.csv,373,13,13,8
70.765839,0.0014843411401573062,9.542267746978073e-06,0.0030890561255791506,feynman_I_30_5.csv,316,18,18,5
0.938101,0.00429621102895265,4.377120687501826e-05,0.0066159811725108675,feynman_I_30_5.csv,6,11,3,20
18.42543,0.9430455416284332,3.2615098584616296,1.8059650767558133,feynman_III_14_14.csv,84,9,12,9
21.644126999999997,0.4097547789545413,1.1556719605523051,1.0750218418954591,feynman_III_14_14.csv,69,15,14,17
24.649046,0.4081267120489199,1.1459806921056674,1.0705048771984496,feynman_III_14_14.csv,80,15,11,6
3.471621,3.900752329092179,43.37641943791258,6.586077697530798,feynman_III_14_14.csv,98,1,15,6
18.649992,3.4203017657141985,35.16952015944685,5.930389545337375,feynman_III_14_14.csv,312,2,20,4
47.986502,0.4589006492258274,1.22003920684722,1.1045538496819522,feynman_III_14_14.csv,174,13,18,20
47.002034,0.6181320754865212,1.7120902656328782,1.3084686720104834,feynman_III_14_14.csv,193,11,6,1
28.985532,2.5540699913351754,20.594148122383327,4.5380775800313655,feynman_III_14_14.csv,259,4,2,10
28.198385,3.4196206782038585,35.15916669238956,5.929516564812815,feynman_III_14_14.csv,460,2,16,12
83.50225400000002,1.4063125444066316,6.715292190016768,2.59138808170771,feynman_III_14_14.csv,474,7,4,17
127.952258,0.4552390507974644,1.205093086656727,1.0977673189964834,feynman_III_14_14.csv,459,13,9,17
42.93811700000001,0.5228062883230895,1.3896480443788712,1.1788333403746567,feynman_III_14_14.csv,162,12,12,13
73.297167,0.3881988106462144,1.0867396708071817,1.0424680670443491,feynman_III_14_14.csv,226,16,10,18
74.785031,0.4564003359884729,1.2163151470964628,1.1028667857436196,feynman_III_14_14.csv,272,13,2,15
105.15730400000001,0.380719352387848,1.0865370679298485,1.0423708878944424,feynman_III_14_14.csv,299,18,8,19
164.38598000000005,0.379301459533401,1.0758783926982454,1.0372455797438933,feynman_III_14_14.csv,459,19,14,6
176.40698899999995,0.3796090113316604,1.0755465063307283,1.037085582934566,feynman_III_14_14.csv,491,19,20,9
119.737587,0.3959135790156823,1.10254218581813,1.050020088292662,feynman_III_14_14.csv,415,15,1,12
134.358041,0.3959931086658245,1.1037142113779048,1.0505780367863706,feynman_III_14_14.csv,443,15,7,2
102.116788,0.4552073845397067,1.2048702392882151,1.0976658140291222,feynman_III_14_14.csv,373,13,13,8
109.06204199999999,0.3801743872365087,1.0828051431073755,1.0405792344206064,feynman_III_14_14.csv,316,18,18,5
1.519873,0.7405564853444434,2.2274984120716534,1.4924806236838228,feynman_III_14_14.csv,6,11,3,20
21.584728,0.006944471369717221,0.00012513263257485726,0.011186269823978736,feynman_II_11_3.csv,69,15,14,17
18.487897,0.016342166480260448,0.0005709222041352593,0.023893978407441056,feynman_II_11_3.csv,84,9,12,9
24.919970000000003,0.006927802267258997,0.00012433852637511826,0.011150718648370528,feynman_II_11_3.csv,80,15,11,6
3.4550160000000005,0.07860849964947472,0.011884564063563741,0.10901634768952656,feynman_II_11_3.csv,98,1,15,6
20.377332,0.06867571461398532,0.009072404484990613,0.09524917052127338,feynman_II_11_3.csv,312,2,20,4
50.276429,0.007964314708320992,0.00015153163565404708,0.012309818668609506,feynman_II_11_3.csv,174,13,18,20
49.853599,0.010906118371115112,0.0002627520318450537,0.016209627751588056,feynman_II_11_3.csv,193,11,6,1
30.300078999999997,0.04479610249046083,0.004006892967295624,0.06330002343834971,feynman_II_11_3.csv,259,4,2,10
28.851934999999997,0.06867786543343453,0.009072632807886026,0.09525036906955282,feynman_II_11_3.csv,460,2,16,12
87.363892,0.02508096168251208,0.0013090720475791675,0.03618110069607015,feynman_II_11_3.csv,474,7,4,17
130.740881,0.00789595612152122,0.00014866687135073935,0.01219290249902538,feynman_II_11_3.csv,459,13,9,17
44.677974,0.00916648548940034,0.0001913561678761873,0.013833154661037638,feynman_II_11_3.csv,162,12,12,13
75.249977,0.0066012861202303895,0.0001162654410734109,0.010782645365280771,feynman_II_11_3.csv,226,16,10,18
77.82401800000002,0.007940166027534112,0.00015072575564588806,0.012277041811686071,feynman_II_11_3.csv,272,13,2,15
107.48584299999999,0.006470033161573822,0.00011317242418385561,0.010638252872716254,feynman_II_11_3.csv,299,18,8,19
164.795703,0.00643761942354213,0.00011216608512984317,0.01059084912223015,feynman_II_11_3.csv,459,19,14,6
175.64180000000005,0.006436521303204509,0.00011218792887402316,0.010591880327591657,feynman_II_11_3.csv,491,19,20,9
105.964077,0.006745764574618111,0.00011823496670609378,0.010873590331904813,feynman_II_11_3.csv,415,15,1,12
142.751487,0.006746865957867111,0.00011825754827730786,0.01087462865008768,feynman_II_11_3.csv,443,15,7,2
107.68905900000001,0.007906297913992076,0.000149046081940425,0.012208443059638072,feynman_II_11_3.csv,373,13,13,8
112.26974799999999,0.00645625043103464,0.00011266330976307156,0.01061429742201864,feynman_II_11_3.csv,316,18,18,5
1.646973,0.012721046143830824,0.00036436801535444775,0.01908842621471052,feynman_II_11_3.csv,6,11,3,20
18.190638,0.03388857252574167,0.002222096749332342,0.047139121219347546,feynman_test_11.csv,69,15,14,17
15.515150000000002,0.0998396651986408,0.019294909304247414,0.13890611687124302,feynman_test_11.csv,84,9,12,9
20.902726,0.033692161571138336,0.0021934606512409326,0.04683439602728889,feynman_test_11.csv,80,15,11,6
3.0342450000000003,0.679525400081744,0.7785975605107892,0.8823817544072345,feynman_test_11.csv,98,1,15,6
16.559298000000002,0.5570694309435804,0.5397952669855721,0.7347076064568626,feynman_test_11.csv,312,2,20,4
40.201995,0.04085259562833648,0.003259513732775492,0.05709215123618563,feynman_test_11.csv,174,13,18,20
40.08253,0.06053071326869735,0.0072359579800949855,0.08506443428422354,feynman_test_11.csv,193,11,6,1
24.456072,0.3576825324108595,0.2318713204335641,0.4815301864198797,feynman_test_11.csv,259,4,2,10
69.494069,0.16874095969744085,0.05460908849051875,0.233685875676128,feynman_test_11.csv,474,7,4,17
23.906696,0.5568971528358818,0.5396264475011524,0.7345927085815326,feynman_test_11.csv,460,2,16,12
106.558648,0.040581393289632686,0.0032133190424934862,0.05668614506644005,feynman_test_11.csv,459,13,9,17
35.72338900000001,0.04862058062472496,0.004653021972145463,0.0682130630608644,feynman_test_11.csv,162,12,12,13
61.66872100000001,0.03187612577068718,0.0019750822301254924,0.044441897238141084,feynman_test_11.csv,226,16,10,18
62.934725,0.04073814520832595,0.0032413788260316732,0.05693310834682815,feynman_test_11.csv,272,13,2,15
132.224312,0.030612143900795207,0.0018276877393666366,0.04275146476281996,feynman_test_11.csv,459,19,14,6
86.738134,0.03080678528854012,0.0018506144501101234,0.04301876857965745,feynman_test_11.csv,299,18,8,19
145.712882,0.030606268003451082,0.001827596557140468,0.042750398327272565,feynman_test_11.csv,491,19,20,9
85.742942,0.032904461518481566,0.0020996227391577413,0.045821640511419286,feynman_test_11.csv,415,15,1,12
118.119652,0.03290400878892271,0.0020990077351065624,0.04581492917277689,feynman_test_11.csv,443,15,7,2
87.635684,0.040618080525843814,0.0032206814265428397,0.05675104780127711,feynman_test_11.csv,373,13,13,8
91.782332,0.030819091305707275,0.0018508674369169227,0.043021708902796066,feynman_test_11.csv,316,18,18,5
1.154676,0.07158043480208205,0.009896300929447596,0.09948015344503444,feynman_test_11.csv,6,11,3,20
11.913492000000002,0.14324587303151232,0.04848190153394144,0.22018606117086847,feynman_III_15_27.csv,84,9,12,9
14.333028,0.038938186733792735,0.0066908093103814036,0.08179736738050561,feynman_III_15_27.csv,69,15,14,17
16.323453999999998,0.038740900643966535,0.006626691181861082,0.08140449116517517,feynman_III_15_27.csv,80,15,11,6
2.347013,1.5139462368072718,5.069977540058277,2.2516610624288638,feynman_III_15_27.csv,98,1,15,6
12.509367999999998,1.261083508325011,3.4168696452051783,1.848477656128193,feynman_III_15_27.csv,312,2,20,4
31.258663000000002,0.04598057080579576,0.00758558220994813,0.08709524791828845,feynman_III_15_27.csv,174,13,18,20
30.804122,0.07123120409221224,0.014334501511291784,0.11972677858896807,feynman_III_15_27.csv,193,11,6,1
18.890525,0.7130931298319928,1.164762293910803,1.0792415364091597,feynman_III_15_27.csv,259,4,2,10
18.407062,1.2609949764545147,3.415626100764779,1.8481412556308507,feynman_III_15_27.csv,460,2,16,12
54.566122,0.2834559875919168,0.1857790937042928,0.4310209898651025,feynman_III_15_27.csv,474,7,4,17
83.21245400000002,0.04496260900920008,0.0073615019100413456,0.08579919527618744,feynman_III_15_27.csv,459,13,9,17
27.489453,0.05584886739431822,0.009818399188028385,0.0990878357217897,feynman_III_15_27.csv,162,12,12,13
47.648988,0.03569557036621171,0.00600647667721432,0.07750146241984289,feynman_III_15_27.csv,226,16,10,18
48.933258,0.04532040648932499,0.007443245407599776,0.0862742453319632,feynman_III_15_27.csv,272,13,2,15
69.01209,0.03470525052893703,0.00596351828258499,0.07722381939910114,feynman_III_15_27.csv,299,18,8,19
108.999559,0.034353711061463024,0.005869059405307712,0.07660978661573019,feynman_III_15_27.csv,459,19,14,6
117.182203,0.034351742874794144,0.005883725272981442,0.07670544487180453,feynman_III_15_27.csv,491,19,20,9
69.99852200000001,0.03660573553302218,0.0061143766442210345,0.0781944796275353,feynman_III_15_27.csv,415,15,1,12
94.397016,0.036599132387996766,0.0061071738976457455,0.0781484094377214,feynman_III_15_27.csv,443,15,7,2
69.85664100000001,0.0450679722355725,0.007386078184895654,0.08594229566922014,feynman_III_15_27.csv,373,13,13,8
74.865267,0.034714443360326155,0.005975660242709062,0.07730239480578245,feynman_III_15_27.csv,316,18,18,5
0.8979739999999999,0.09445025994099288,0.02503886928101392,0.15823675072818552,feynman_III_15_27.csv,6,11,3,20
1.414451,0.3172654518747482,0.1245274369446626,0.3528844526819829,feynman_III_8_54.csv,54,1,18,5
2.18391,0.3138662964250281,0.12204547288221412,0.34935007210849994,feynman_III_8_54.csv,51,2,17,8
2.5847480000000003,0.3172555139305376,0.1245215021342822,0.3528760435822786,feynman_III_8_54.csv,98,1,15,6
11.000753,0.27330271545120405,0.09878276926697999,0.3142972625827021,feynman_III_8_54.csv,125,5,16,2
17.663169999999994,0.2891428053282436,0.10793220288100586,0.3285303682781941,feynman_III_8_54.csv,243,4,19,10
22.39038,0.2547642496541019,0.08858543846415302,0.2976330600994336,feynman_III_8_54.csv,218,6,18,5
29.716072999999998,0.17236794128919342,0.05027989483341662,0.2242317881867257,feynman_III_8_54.csv,195,10,9,7
4.771523,0.3138297767869412,0.12204408626039533,0.3493480875293227,feynman_III_8_54.csv,118,2,12,8
10.737977,0.2732935970501756,0.09877898801396152,0.3142912471163674,feynman_III_8_54.csv,124,5,20,7
19.84421,0.28915546831452016,0.107930913441502,0.3285284058365456,feynman_III_8_54.csv,278,4,19,8
11.346418,0.313780286131909,0.12202019862675655,0.3493138969848703,feynman_III_8_54.csv,287,2,18,4
13.405468,0.313786271272236,0.12201905633642113,0.3493122619325309,feynman_III_8_54.csv,340,2,11,12
5.3617089999999985,0.3138261308421396,0.12204060424559587,0.3493431039044508,feynman_III_8_54.csv,134,2,10,7
10.720880000000001,0.289117456348057,0.10790975432939087,0.3284962013926354,feynman_III_8_54.csv,147,4,19,11
13.262603,0.2733106237006813,0.0987663535187628,0.3142711464941744,feynman_III_8_54.csv,155,5,10,4
4.12528,0.31724534792211895,0.12450894103775738,0.35285824496213397,feynman_III_8_54.csv,174,1,10,8
0.7509640000000001,0.317261119672896,0.1245255955677912,0.35288184363578584,feynman_III_8_54.csv,25,1,17,2
29.715797,0.2548039926243742,0.08862597753248304,0.2977011547382425,feynman_III_8_54.csv,294,6,20,8
24.341173,0.27345722351231194,0.09881870898794574,0.3143544321111852,feynman_III_8_54.csv,280,5,16,2
3.289749,0.3001163647022839,0.1146245744635116,0.33856251189922315,feynman_III_8_54.csv,56,3,17,14
1.8266419999999999,0.3172629462873079,0.12453121828000385,0.3528898103941284,feynman_III_8_54.csv,71,1,16,6
15.5481,0.28912795306449623,0.10791345717265648,0.32850183739616506,feynman_III_8_54.csv,217,4,8,9
1.7639289999999996,0.6799984802023156,0.7792024965692605,0.8827244737568233,feynman_test_11.csv,54,1,18,5
2.833838,0.5565246694622409,0.5386897494012413,0.7339548687768488,feynman_test_11.csv,51,2,17,8
28.866159999999997,0.21810094072771816,0.08985383222882151,0.2997562880555161,feynman_test_11.csv,218,6,18,5
14.602991000000001,0.2828768811807109,0.14923778643125846,0.3863130679012276,feynman_test_11.csv,125,5,16,2
23.144170000000006,0.3584910260186208,0.23278948069654826,0.4824826221705277,feynman_test_11.csv,243,4,19,10
14.136970000000002,0.2828181607305746,0.14917360729297638,0.38622999274134107,feynman_test_11.csv,124,5,20,7
6.2344230000000005,0.5568779200532552,0.5396525425437385,0.7346104699388231,feynman_test_11.csv,118,2,12,8
37.27212700000001,0.07728986461761772,0.011807084652678851,0.1086604097759568,feynman_test_11.csv,195,10,9,7
7.0289220000000014,0.5569129877631454,0.539690667774439,0.7346364187640299,feynman_test_11.csv,134,2,10,7
25.825072,0.35738214105577903,0.23147136743370694,0.4811147133831047,feynman_test_11.csv,278,4,19,8
14.764788,0.5570338445744057,0.5397058535140973,0.7346467542391358,feynman_test_11.csv,287,2,18,4
17.376077,0.5570104244136979,0.5396875104928013,0.7346342698872693,feynman_test_11.csv,340,2,11,12
14.158935000000001,0.35798804520670924,0.2324670700578764,0.4821483900811828,feynman_test_11.csv,147,4,19,11
5.215662,0.6800250964864722,0.7794262885872755,0.8828512267575299,feynman_test_11.csv,174,1,10,8
38.442984,0.21744410049096416,0.08930859802884343,0.2988454417066512,feynman_test_11.csv,294,6,20,8
17.391354,0.28236493945700514,0.14875960689345652,0.3856936697606749,feynman_test_11.csv,155,5,10,4
2.2016139999999997,0.6798015463699405,0.7790438884566618,0.8826346290831002,feynman_test_11.csv,71,1,16,6
0.9518270000000002,0.6797939957302473,0.7788866412116473,0.8825455462533632,feynman_test_11.csv,25,1,17,2
30.98877,0.282032011638908,0.14822463564227095,0.3849995268078533,feynman_test_11.csv,280,5,16,2
20.450198,0.3585626354111464,0.2328764032663093,0.482572692209484,feynman_test_11.csv,217,4,8,9
4.181458,0.4613414281995757,0.3650554506594169,0.6041981882291745,feynman_test_11.csv,56,3,17,14
1.387397,3.916711653573007,21.951290077287346,4.685220387269669,feynman_III_15_12.csv,54,1,18,5
2.174398,3.8322687173584034,20.88836577756044,4.570379172186969,feynman_III_15_12.csv,51,2,17,8
21.899195000000002,3.2406389783097675,15.784245232610656,3.972939117657186,feynman_III_15_12.csv,218,6,18,5
10.837186,3.4740398155193835,17.573238492660206,4.1920446673026035,feynman_III_15_12.csv,125,5,16,2
17.619744999999995,3.635541221973492,18.905612338925874,4.348058456245256,feynman_III_15_12.csv,243,4,19,10
10.690928999999999,3.4739301291460896,17.57221423258175,4.191922498398766,feynman_III_15_12.csv,124,5,20,7
28.819940000000003,1.7601930112495805,5.950571574233576,2.439379342011729,feynman_III_15_12.csv,195,10,9,7
4.7655509999999985,3.832747528783754,20.893279519599236,4.5709167045133565,feynman_III_15_12.csv,118,2,12,8
20.180729,3.635220521583747,18.90129975531815,4.347562507350315,feynman_III_15_12.csv,278,4,19,8
5.582157,3.8327703488712115,20.89270148549425,4.57085347451592,feynman_III_15_12.csv,134,2,10,7
11.791547,3.832599821213838,20.890767299410705,4.570641891398921,feynman_III_15_12.csv,287,2,18,4
13.780311,3.832514786564768,20.889806731223786,4.5705368099626735,feynman_III_15_12.csv,340,2,11,12
10.677549,3.6347450734001687,18.896970998792092,4.347064641662474,feynman_III_15_12.csv,147,4,19,11
4.382896,3.9178686197458696,21.962449715119494,4.686411176488837,feynman_III_15_12.csv,174,1,10,8
13.996688,3.473560984912061,17.565445170090868,4.1911150270650985,feynman_III_15_12.csv,155,5,10,4
29.999734000000004,3.2400499369945632,15.779028851237465,3.972282574444757,feynman_III_15_12.csv,294,6,20,8
23.881125,3.4740947146222814,17.566947314217533,4.191294229020142,feynman_III_15_12.csv,280,5,16,2
0.7314560000000001,3.9174763086649977,21.95762445034451,4.6858963337172215,feynman_III_15_12.csv,25,1,17,2
1.722865,3.9179609156324138,21.965272252580323,4.686712307426212,feynman_III_15_12.csv,71,1,16,6
3.360721,3.788243733490221,20.422251950595502,4.51909857721598,feynman_III_15_12.csv,56,3,17,14
15.526039999999998,3.635286512913256,18.904126795265405,4.347887624498293,feynman_III_15_12.csv,217,4,8,9
1.798218,2.9641367760656614,13.68174911019075,3.6988848468411066,feynman_III_4_33.csv,54,1,18,5
2.9907220000000003,2.047768388996926,6.419636076549983,2.5337000762817183,feynman_III_4_33.csv,51,2,17,8
29.418224,0.4690399454478353,0.3550416190491445,0.5958536892972507,feynman_III_4_33.csv,218,6,18,5
14.265268,0.6467546340680561,0.6753098381075587,0.8217723760917975,feynman_III_4_33.csv,125,5,16,2
22.881687,0.9444604676708632,1.4067043738921223,1.18604568794466,feynman_III_4_33.csv,243,4,19,10
14.014702999999999,0.6466344002314826,0.6752184513986367,0.8217167707906641,feynman_III_4_33.csv,124,5,20,7
37.048629999999996,0.1833219306048444,0.05508266569680024,0.23469696567446335,feynman_III_4_33.csv,195,10,9,7
6.1499799999999984,2.044616201458166,6.400139178039937,2.529849635460561,feynman_III_4_33.csv,118,2,12,8
25.513304,0.9436672151831405,1.4043877687313502,1.1850686767995138,feynman_III_4_33.csv,278,4,19,8
6.8885830000000015,2.0457557375511173,6.4055841711121175,2.5309255562169577,feynman_III_4_33.csv,134,2,10,7
14.750742,2.0447255840118843,6.4010127692464245,2.5300222863141792,feynman_III_4_33.csv,287,2,18,4
17.141430999999994,2.0443478169827736,6.3979278724019775,2.5294125548043715,feynman_III_4_33.csv,340,2,11,12
13.975564,0.9417341494298476,1.3977956908358198,1.1822840990370376,feynman_III_4_33.csv,147,4,19,11
5.3495370000000015,2.990408914644822,13.898654805560605,3.72808996747136,feynman_III_4_33.csv,174,1,10,8
38.76698,0.4690696539388352,0.3550711799782412,0.5958784943075569,feynman_III_4_33.csv,294,6,20,8
18.075625,0.6470155948166584,0.6765810660593564,0.8225454796297628,feynman_III_4_33.csv,155,5,10,4
2.210964,2.953262635862602,13.593676726228779,3.6869603640707584,feynman_III_4_33.csv,71,1,16,6
0.8634980000000001,2.9715922021419714,13.737457405383914,3.70640761457559,feynman_III_4_33.csv,25,1,17,2
31.868081,0.6473335733781409,0.6775543165703376,0.8231368759631278,feynman_III_4_33.csv,280,5,16,2
4.290145,1.3288750091078738,2.831040846453377,1.6825697151837058,feynman_III_4_33.csv,56,3,17,14
20.224185,0.943265386999876,1.4030835845729903,1.1845182922070012,feynman_III_4_33.csv,217,4,8,9
1.6789319999999999,0.010721432813982362,0.0004151145739388773,0.020374360700126944,feynman_II_13_17.csv,54,1,18,5
2.744197,0.00904725204752213,0.0003182234348357092,0.01783881820176744,feynman_II_13_17.csv,51,2,17,8
28.748922999999998,0.003833441583994147,5.516772058933314e-05,0.0074274975994161815,feynman_II_13_17.csv,218,6,18,5
14.293722,0.00492851693145466,9.018061526125887e-05,0.009496347469488407,feynman_II_13_17.csv,125,5,16,2
22.639803,0.006283094964255026,0.0001468565619595008,0.012118438924197323,feynman_II_13_17.csv,243,4,19,10
14.013581,0.004928627351848529,9.024426549113924e-05,0.009499698178949648,feynman_II_13_17.csv,124,5,20,7
6.143257,0.009066127331480999,0.00031929325608366513,0.017868778807844286,feynman_II_13_17.csv,118,2,12,8
38.223552000000005,0.001410262269913441,8.899893994911336e-06,0.0029832690114891306,feynman_II_13_17.csv,195,10,9,7
26.032703,0.0062846755870167225,0.00014714231304749633,0.01213022312439043,feynman_II_13_17.csv,278,4,19,8
6.95187,0.009081726794025996,0.0003204614434076601,0.017901436909021018,feynman_II_13_17.csv,134,2,10,7
14.499335999999998,0.009080335544161391,0.0003205748279895102,0.01790460354181321,feynman_II_13_17.csv,287,2,18,4
16.897142000000002,0.00909591565856671,0.00032200256941568463,0.017944430038752544,feynman_II_13_17.csv,340,2,11,12
13.813082000000001,0.006278908985708152,0.00014681971944757087,0.01211691872744762,feynman_II_13_17.csv,147,4,19,11
5.13213,0.010722375639432126,0.0004145897803300985,0.0203614778523097,feynman_II_13_17.csv,174,1,10,8
38.543876000000004,0.0038237846008537506,5.508318115014644e-05,0.007421804440306039,feynman_II_13_17.csv,294,6,20,8
17.449835999999998,0.004922560716320365,8.981745696889168e-05,0.009477207234670543,feynman_II_13_17.csv,155,5,10,4
2.2364490000000004,0.01072020361717742,0.0004149598286136245,0.020370562795701656,feynman_II_13_17.csv,71,1,16,6
0.9076759999999996,0.010765157295326035,0.0004165643921762215,0.020409909166290315,feynman_II_13_17.csv,25,1,17,2
31.852648,0.004919351077715557,8.975006046834409e-05,0.009473650852144813,feynman_II_13_17.csv,280,5,16,2
4.170489,0.007522891199168924,0.00021955935649217395,0.014817535439207628,feynman_II_13_17.csv,56,3,17,14
20.107667000000003,0.00628823613868594,0.00014701771223130832,0.012125086071088665,feynman_II_13_17.csv,217,4,8,9
1.476506,0.062277322543702135,0.007626230814065643,0.0873282933193226,feynman_I_30_5.csv,54,1,18,5
2.257004,0.050019465563769336,0.0049526849296697775,0.07037531477492501,feynman_I_30_5.csv,51,2,17,8
22.445664,0.017283804569748637,0.0005874776483046231,0.024237938202426024,feynman_I_30_5.csv,218,6,18,5
11.077282,0.022599992153751323,0.001035475332771551,0.032178802537875015,feynman_I_30_5.csv,125,5,16,2
17.635798,0.029991715824242437,0.0017886716767761754,0.04229269058331682,feynman_I_30_5.csv,243,4,19,10
10.931157,0.022599167931261904,0.0010360111384194062,0.0321871269053236,feynman_I_30_5.csv,124,5,20,7
29.106005,0.004420061417112132,4.371834339016814e-05,0.006611984829850121,feynman_I_30_5.csv,195,10,9,7
4.635225,0.04987967594231546,0.004927534076702157,0.07019639646521862,feynman_I_30_5.csv,118,2,12,8
5.478244,0.049920155351119065,0.004933005968015554,0.07023536123645663,feynman_I_30_5.csv,134,2,10,7
19.972264000000003,0.029945964528774325,0.0017817871874553992,0.042211221108319034,feynman_I_30_5.csv,278,4,19,8
11.318717,0.050026753371958735,0.004942505921626253,0.07030295812856137,feynman_I_30_5.csv,287,2,18,4
13.309951000000002,0.05009326877595912,0.004949822072197315,0.07035497190815526,feynman_I_30_5.csv,340,2,11,12
10.788522,0.030017169569016813,0.0017957609188443942,0.042376419372622716,feynman_I_30_5.csv,147,4,19,11
29.732142000000003,0.017244092928711874,0.0005827262443644894,0.02413972336967616,feynman_I_30_5.csv,294,6,20,8
4.0915599999999985,0.06225219215607514,0.007620102521160292,0.08729319859622679,feynman_I_30_5.csv,174,1,10,8
13.499293,0.02259323082580056,0.0010329726394487436,0.0321398917149505,feynman_I_30_5.csv,155,5,10,4
1.7780779999999998,0.06224216970250655,0.007619752006644342,0.08729119088799478,feynman_I_30_5.csv,71,1,16,6
0.7493829999999999,0.06221510044866582,0.007614284653063872,0.08725986851390433,feynman_I_30_5.csv,25,1,17,2
23.913122,0.022605609472745068,0.001027307464446757,0.032051637469039815,feynman_I_30_5.csv,280,5,16,2
3.2789150000000005,0.03815336411298786,0.002868424353389397,0.0535576731513739,feynman_I_30_5.csv,56,3,17,14
15.585829999999998,0.030001402771512826,0.001790707048318789,0.04231674666510635,feynman_I_30_5.csv,217,4,8,9
2.053778,3.8949806425983327,43.264964717594026,6.577610866993731,feynman_III_14_14.csv,54,1,18,5
3.367601,3.4174266508411923,35.09494105516851,5.924098332672112,feynman_III_14_14.csv,51,2,17,8
34.741993,1.6965789741651314,9.516639706194095,3.0849051373087786,feynman_III_14_14.csv,218,6,18,5
17.504098000000003,2.123679019613027,14.124540098475812,3.758262909706533,feynman_III_14_14.csv,125,5,16,2
28.041819,2.5559926417312546,20.606345775669137,4.539421304050675,feynman_III_14_14.csv,243,4,19,10
17.213264000000002,2.1236496064478985,14.12044428960423,3.75771796302014,feynman_III_14_14.csv,124,5,20,7
7.495553999999999,3.4230879246298747,35.221981971259005,5.9348110307960935,feynman_III_14_14.csv,118,2,12,8
46.00712400000001,0.7566535863110319,2.2872502940643957,1.512365793736553,feynman_III_14_14.csv,195,10,9,7
8.423024,3.423449555836384,35.20912654805395,5.93372787950829,feynman_III_14_14.csv,134,2,10,7
31.857416,2.55360505435073,20.60704630443108,4.539498463974966,feynman_III_14_14.csv,278,4,19,8
17.907128,3.422773693068613,35.22681811388704,5.935218455447705,feynman_III_14_14.csv,287,2,18,4
21.229732000000002,3.418822908793393,35.13103078438965,5.927143560298642,feynman_III_14_14.csv,340,2,11,12
16.979042999999994,2.557066093743748,20.567242344622127,4.535112164502895,feynman_III_14_14.csv,147,4,19,11
6.173754,3.901344616477133,43.39066880425687,6.587159388101737,feynman_III_14_14.csv,174,1,10,8
46.979913,1.695959937982864,9.52476936489071,3.0862225073527525,feynman_III_14_14.csv,294,6,20,8
21.310710999999998,2.12281027126724,14.107141659292152,3.75594750486374,feynman_III_14_14.csv,155,5,10,4
2.676978,3.8945892927179417,43.257611857832025,6.577051912356478,feynman_III_14_14.csv,71,1,16,6
1.0458359999999998,3.8972346164581695,43.33090822998986,6.582621683644737,feynman_III_14_14.csv,25,1,17,2
38.508323,2.1196237179950126,14.09138137753609,3.75384887515948,feynman_III_14_14.csv,280,5,16,2
5.0659329999999985,3.1863604881838827,29.90735024883725,5.468761308453428,feynman_III_14_14.csv,56,3,17,14
24.849072,2.5563933152664027,20.57768076008089,4.5362628627627934,feynman_III_14_14.csv,217,4,8,9
1.4509569999999998,1.54108039450105,5.2136756007396,2.283347455106121,feynman_III_15_27.csv,54,1,18,5
2.173907,1.260189779580209,3.4102343761340217,1.8466819910677696,feynman_III_15_27.csv,51,2,17,8
22.07271,0.381639720214671,0.33628270052529863,0.5798988709467355,feynman_III_15_27.csv,218,6,18,5
11.038569,0.5319823037414436,0.662522019096229,0.8139545559158871,feynman_III_15_27.csv,125,5,16,2
17.719091,0.7135550157782521,1.1658079564388957,1.079725870968597,feynman_III_15_27.csv,243,4,19,10
10.877545,0.5319464058471951,0.6627440023880824,0.8140909054817419,feynman_III_15_27.csv,124,5,20,7
28.450305,0.09886391094696156,0.02488387326764797,0.15774623059727286,feynman_III_15_27.csv,195,10,9,7
4.642353,1.2601031287509563,3.41126046656136,1.8469597901853088,feynman_III_15_27.csv,118,2,12,8
19.866564,0.7129524959740532,1.1633721097686796,1.0785972880406658,feynman_III_15_27.csv,278,4,19,8
5.477795,1.2604905860175128,3.414227319756031,1.8477627877398202,feynman_III_15_27.csv,134,2,10,7
11.342628,1.261087695316664,3.417314999847932,1.8485981174522308,feynman_III_15_27.csv,287,2,18,4
13.218542999999999,1.2613643468116642,3.4178253963658616,1.8487361619132845,feynman_III_15_27.csv,340,2,11,12
10.963395,0.7126866299916841,1.160385526610847,1.0772119227946035,feynman_III_15_27.csv,147,4,19,11
4.168768999999998,1.5076583810057598,5.039130771343206,2.2448008311080088,feynman_III_15_27.csv,174,1,10,8
13.594335,0.5320811674331647,0.6633678548708843,0.8144739743361259,feynman_III_15_27.csv,155,5,10,4
29.424576000000002,0.3814604194149235,0.3355016902189552,0.5792250773395047,feynman_III_15_27.csv,294,6,20,8
0.7349459999999999,1.542023885323128,5.2099248197501336,2.282525973510517,feynman_III_15_27.csv,25,1,17,2
1.817553,1.5297726340682818,5.15330571177856,2.2700893620689384,feynman_III_15_27.csv,71,1,16,6
24.39785,0.5313850285469017,0.6579875175377973,0.811164297499463,feynman_III_15_27.csv,280,5,16,2
3.31604,0.9140730233245212,1.8914364478890435,1.3752950403055495,feynman_III_15_27.csv,56,3,17,14
15.573152999999998,0.7123633550802226,1.163743874552165,1.0787696114333984,feynman_III_15_27.csv,217,4,8,9
2.040401,3.5944154222066222,38.1628569659923,6.177609324487289,feynman_II_11_20.csv,54,1,18,5
3.388686,3.1518381148142343,30.84148009429423,5.553510609902013,feynman_II_11_20.csv,51,2,17,8
35.089677,1.5712547895442066,8.322213695892003,2.8848247253328934,feynman_II_11_20.csv,218,6,18,5
17.763361,1.9050373632114803,11.98506732871453,3.4619455987514494,feynman_II_11_20.csv,125,5,16,2
28.337267999999998,2.3192409412032715,17.369960886824714,4.167728504452361,feynman_II_11_20.csv,243,4,19,10
17.486366,1.9046296196027404,11.978166914664696,3.460948846005196,feynman_II_11_20.csv,124,5,20,7
7.5797750000000015,3.1472924790717762,30.768305553749503,5.5469185638288865,feynman_II_11_20.csv,118,2,12,8
46.603965,0.6975532609170729,1.7665032835219443,1.3290986733579808,feynman_II_11_20.csv,195,10,9,7
8.61598,3.148453708594181,30.788623168528424,5.548749694167904,feynman_II_11_20.csv,134,2,10,7
32.086439,2.3164434001732923,17.347258944702517,4.165004074992306,feynman_II_11_20.csv,278,4,19,8
21.165587,3.143676852370705,30.70266228826225,5.5409983115195285,feynman_II_11_20.csv,340,2,11,12
17.898270999999998,3.1439540116672706,30.691834366948985,5.540021152211334,feynman_II_11_20.csv,287,2,18,4
16.902817000000002,2.315613800911238,17.32735849767349,4.162614382533349,feynman_II_11_20.csv,147,4,19,11
6.350528,3.594921857952716,38.1721828407369,6.178364090982085,feynman_II_11_20.csv,174,1,10,8
46.702126,1.568632020591368,8.281450374018753,2.877750922859508,feynman_II_11_20.csv,294,6,20,8
21.361141,1.9038271468255448,11.960978350520525,3.4584647389442216,feynman_II_11_20.csv,155,5,10,4
2.708853,3.594433182214107,38.176765129204796,6.178734913330139,feynman_II_11_20.csv,71,1,16,6
38.679443,1.9031810366658453,11.926060906351859,3.453412935973898,feynman_II_11_20.csv,280,5,16,2
0.9221659999999998,3.591374584509265,38.15906151373803,6.1773021225886335,feynman_II_11_20.csv,25,1,17,2
24.385239000000002,2.3200374145002027,17.399987995902315,4.1713292840415175,feynman_II_11_20.csv,217,4,8,9
4.971839,2.7962989649518923,24.31976161301971,4.9315070326442525,feynman_II_11_20.csv,56,3,17,14
2.056191,134.763618810451,40311.03299870555,200.7760767589245,feynman_II_34_29b.csv,54,1,18,5
3.2665740000000003,115.04204867712905,30714.143907537007,175.25451180365374,feynman_II_34_29b.csv,51,2,17,8
35.136953999999996,56.351671904078636,7871.0215420057875,88.71877784328291,feynman_II_34_29b.csv,218,6,18,5
17.434696,70.7798667689954,12037.189603474155,109.71412672702708,feynman_II_34_29b.csv,125,5,16,2
28.020557,80.83837787896209,15921.938708630545,126.18216478025153,feynman_II_34_29b.csv,243,4,19,10
17.462555000000002,70.78844434262373,12038.274792724664,109.7190721466631,feynman_II_34_29b.csv,124,5,20,7
7.5356809999999985,114.77976572671051,30626.592057639198,175.00454867699642,feynman_II_34_29b.csv,118,2,12,8
46.091779,23.304307105147053,1455.1766644619659,38.14677790406375,feynman_II_34_29b.csv,195,10,9,7
31.990015000000003,80.82906267878488,15924.035618933316,126.19047356648329,feynman_II_34_29b.csv,278,4,19,8
8.461839,114.7697584142568,30627.662206620585,175.00760613933494,feynman_II_34_29b.csv,134,2,10,7
20.908227,114.74968412462314,30628.177361101265,175.00907793912083,feynman_II_34_29b.csv,340,2,11,12
17.888147,114.74228319848112,30633.305587129697,175.02372864023238,feynman_II_34_29b.csv,287,2,18,4
16.801613000000003,81.09293826962923,16035.806136704525,126.63256349258877,feynman_II_34_29b.csv,147,4,19,11
6.161315,134.73508396421556,40282.389337190936,200.70473172596337,feynman_II_34_29b.csv,174,1,10,8
46.745146000000005,56.384922093329756,7884.777126571999,88.79626752612972,feynman_II_34_29b.csv,294,6,20,8
21.291344,70.70177672145371,12013.605278324394,109.60659322469792,feynman_II_34_29b.csv,155,5,10,4
2.562265,134.79924616701842,40324.58462799789,200.80982204065086,feynman_II_34_29b.csv,71,1,16,6
38.200098,70.68402953178284,12000.547266252212,109.547009389815,feynman_II_34_29b.csv,280,5,16,2
1.113989,134.69836892979095,40297.42718800944,200.7421908518721,feynman_II_34_29b.csv,25,1,17,2
24.577258,80.8879964900806,15941.914585027378,126.26129488100214,feynman_II_34_29b.csv,217,4,8,9
5.01728,96.86139762190577,22582.274355216265,150.27399760176831,feynman_II_34_29b.csv,56,3,17,14
1.0354459999999999,0.07865955499669293,0.011895123601690752,0.10906476792113368,feynman_II_11_3.csv,25,1,17,2
2.024406,0.07859536865670877,0.011878412163476213,0.1089881285437832,feynman_II_11_3.csv,54,1,18,5
2.5448169999999997,0.07859680009620841,0.01188038410761718,0.10899717476896904,feynman_II_11_3.csv,71,1,16,6
5.995177,0.07858579011928582,0.011881622245362293,0.1090028542991526,feynman_II_11_3.csv,174,1,10,8
0.708304,0.14289069762639642,0.03799893970894621,0.19493316728803797,feynman_II_34_29a.csv,25,1,17,2
1.3745830000000003,0.14299157731190618,0.03801496945511438,0.19497427895780092,feynman_II_34_29a.csv,54,1,18,5
2.3645259999999997,0.14306185154646647,0.038043677098652535,0.1950478841173432,feynman_II_34_29a.csv,98,1,15,6
3.9103220000000003,0.14305125450555806,0.038025643172855686,0.1950016491541948,feynman_II_34_29a.csv,174,1,10,8
1.7214899999999995,0.14300808632075168,0.03801252179904458,0.19496800198762,feynman_II_34_29a.csv,71,1,16,6
1.6563150000000002,3.8028498106560336,22.68914229925724,4.763312114407079,feynman_III_10_19.csv,54,1,18,5
2.181289,3.7996906975434466,22.64493651210996,4.758669615776028,feynman_III_10_19.csv,71,1,16,6
2.905496,3.797669920818157,22.61903490170415,4.75594731906317,feynman_III_10_19.csv,98,1,15,6
5.096841,3.7930578604025333,22.573340809898962,4.751141000843793,feynman_III_10_19.csv,174,1,10,8
8.246350999999999,2.4363265107236303,10.077699394749356,3.1745392413308355,feynman_III_10_19.csv,112,3,12,8
2.942638,3.0357118549412494,15.611142710952125,3.9510938625844014,feynman_III_10_19.csv,55,2,18,6
7.812566,3.032303071288569,15.569252338291705,3.9457891908072966,feynman_III_10_19.csv,154,2,6,9
14.403977,3.0299600922262035,15.546916927432596,3.942957890649176,feynman_III_10_19.csv,283,2,11,6
6.248319,3.790402039150072,22.54146999971261,4.747785799687326,feynman_III_10_19.csv,213,1,10,9
1.8499889999999999,1.5845928374521614,4.246951347002321,2.060813273201219,feynman_III_10_19.csv,15,5,19,4
8.047907,3.032303071288569,15.569252338291705,3.9457891908072966,feynman_III_10_19.csv,154,2,9,9
8.262751,3.790940393397346,22.543664089689585,4.748016858614719,feynman_III_10_19.csv,277,1,10,10
27.568858000000002,1.2598106974205174,2.6826200578444186,1.637870586415306,feynman_III_10_19.csv,216,6,9,9
16.942681,1.564753386300345,4.137720056773082,2.034138652298088,feynman_III_10_19.csv,148,5,19,7
4.438168,3.795871866850353,22.604320082696045,4.754400076002866,feynman_III_10_19.csv,149,1,9,7
1.4488390000000002,3.8054724466823466,22.71740001275205,4.766277374718349,feynman_III_10_19.csv,44,1,15,6
12.035019,2.4320376516179123,10.049040457765981,3.1700221541443483,feynman_III_10_19.csv,164,3,14,12
7.546358999999999,2.433970198093393,10.058710323598715,3.1715469921788517,feynman_III_10_19.csv,105,3,11,9
5.4316379999999995,2.4396138621604906,10.113798785159839,3.1802199271685345,feynman_III_10_19.csv,74,3,7,3
2.9500840000000004,3.797691358016313,22.62040488013823,4.7560913448059665,feynman_III_10_19.csv,99,1,13,9
12.177122,2.4323431607819352,10.052044526857644,3.170495943359279,feynman_III_10_19.csv,167,3,9,4
11.748075,3.029533707597682,15.542490580360921,3.942396552905469,feynman_III_10_19.csv,225,2,11,10
14.019376000000001,2.432026191672981,10.049509173204298,3.1700960826454923,feynman_III_10_19.csv,194,3,9,8
3.074903,3.7976915943612464,22.6156198459297,4.755588275484927,feynman_III_10_19.csv,103,1,19,5
15.714242,2.4311945680303304,10.04571961288064,3.169498321955801,feynman_III_10_19.csv,210,3,9,7
2.271607,0.05008884472840988,0.0049608281554634134,0.07043314670993632,feynman_I_30_5.csv,55,2,18,6
6.2911800000000015,0.0380467344038907,0.002848476617304502,0.05337112156685957,feynman_I_30_5.csv,112,3,12,8
6.189709,0.05003073263224901,0.004944900851540939,0.07031998898990911,feynman_I_30_5.csv,154,2,6,9
11.282869000000002,0.05001447828595888,0.004941023759528703,0.07029241608828582,feynman_I_30_5.csv,283,2,11,6
4.886754,0.0622744528767827,0.007624803371026285,0.08732012008137806,feynman_I_30_5.csv,213,1,10,9
1.493121,0.022745362917493475,0.0010416421609033305,0.03227448157450915,feynman_I_30_5.csv,15,5,19,4
6.366555,0.050030732632249005,0.004944900851540939,0.07031998898990911,feynman_I_30_5.csv,154,2,9,9
6.485914,0.06224082922502285,0.00761888852147023,0.08728624474377522,feynman_I_30_5.csv,277,1,10,10
22.086629,0.017281262940732466,0.0005873864090120449,0.024236055970641032,feynman_I_30_5.csv,216,6,9,9
12.9918,0.02260737679051069,0.0010351405424772662,0.03217360008574213,feynman_I_30_5.csv,148,5,19,7
3.4518720000000007,0.0622615154768789,0.0076217722683391675,0.0873027620888318,feynman_I_30_5.csv,149,1,9,7
9.162728,0.03816026315127132,0.002866429212700449,0.053539043815709376,feynman_I_30_5.csv,164,3,14,12
5.949153,0.03802169177522903,0.0028450357216381053,0.053338876268985126,feynman_I_30_5.csv,105,3,11,9
4.192152,0.03801612433988413,0.002845785651200132,0.05334590566482241,feynman_I_30_5.csv,74,3,7,3
1.140002,0.0622665047648279,0.0076242968752206625,0.08731721980927168,feynman_I_30_5.csv,44,1,15,6
9.501861000000002,0.038159536414747015,0.002866395142766135,0.053538725636366566,feynman_I_30_5.csv,167,3,9,4
2.392277,0.06222962017700221,0.007616491351219725,0.08727251200246114,feynman_I_30_5.csv,99,1,13,9
8.996678000000003,0.05022719281756384,0.00496997814855762,0.07049807194922156,feynman_I_30_5.csv,225,2,11,10
10.56381,0.03815203038505717,0.0028648308510915914,0.05352411466891902,feynman_I_30_5.csv,194,3,9,8
2.369746,0.06221986707938326,0.007614781999052039,0.08726271826531673,feynman_I_30_5.csv,103,1,19,5
11.884749,0.03813450385617162,0.0028619969770163475,0.05349763524695599,feynman_I_30_5.csv,210,3,9,7
3.633425,3.4198147877395906,35.15567685726762,5.929222280979828,feynman_III_14_14.csv,55,2,18,6
9.958821,3.1909902533564662,29.987210829204685,5.476057964375896,feynman_III_14_14.csv,112,3,12,8
9.417454,3.4219507626991748,35.166558404519876,5.930139830098432,feynman_III_14_14.csv,154,2,6,9
17.657422,3.4230144115766588,35.23117351992228,5.935585356131464,feynman_III_14_14.csv,283,2,11,6
7.076503999999999,3.904560898863653,43.45145958343147,6.591772112522662,feynman_III_14_14.csv,213,1,10,9
2.235463,2.1449532472120643,14.394226497738366,3.7939723902182476,feynman_III_14_14.csv,15,5,19,4
9.513879,3.4219507626991748,35.166558404519876,5.930139830098432,feynman_III_14_14.csv,154,2,9,9
9.700061,3.909642282350328,43.54044177394496,6.598518149853415,feynman_III_14_14.csv,277,1,10,10
20.413332,2.1220693851379795,14.102580496676909,3.755340263767973,feynman_III_14_14.csv,148,5,19,7
5.27689,3.899705399784141,43.35802900554482,6.5846813898278205,feynman_III_14_14.csv,149,1,9,7
33.511109000000005,1.69654086262129,9.51557644665082,3.084732799879241,feynman_III_14_14.csv,216,6,9,9
14.175885999999998,3.190705441715142,29.99689124672891,5.476941778650646,feynman_III_14_14.csv,164,3,14,12
1.702434,3.881999611638143,43.01771365574145,6.5587890388197,feynman_III_14_14.csv,44,1,15,6
6.518943,3.186246598792738,29.86081847577941,5.464505327637572,feynman_III_14_14.csv,74,3,7,3
9.074167999999998,3.1904852982333822,29.974043477761892,5.474855566840271,feynman_III_14_14.csv,105,3,11,9
3.5354050000000004,3.901607095918509,43.388364912705576,6.5869845083092144,feynman_III_14_14.csv,99,1,13,9
14.646839000000002,3.1909795617020245,30.006223215315256,5.477793644827748,feynman_III_14_14.csv,167,3,9,4
14.148442000000001,3.4242676580646036,35.245220768223284,5.936768545953537,feynman_III_14_14.csv,225,2,11,10
16.812592000000002,3.190291060328839,30.00031044148582,5.477253914279108,feynman_III_14_14.csv,194,3,9,8
3.535271,3.8984629442363112,43.34815835776613,6.583931831190702,feynman_III_14_14.csv,103,1,19,5
18.761129,3.19021196674214,30.002075955484305,5.477415079714546,feynman_III_14_14.csv,210,3,9,7
2.343648,1.2594982234523762,3.4076915662176384,1.845993381953911,feynman_III_15_27.csv,55,2,18,6
6.302676,0.915804486017544,1.8947413274946132,1.3764960325023148,feynman_III_15_27.csv,112,3,12,8
6.080228,1.2607335957091632,3.4175920458751805,1.8486730500213333,feynman_III_15_27.csv,154,2,6,9
11.240916,1.2612445576538596,3.418236694094109,1.8488473961076688,feynman_III_15_27.csv,283,2,11,6
4.919874,1.5072958025119054,5.036061460687837,2.2441170782042184,feynman_III_15_27.csv,213,1,10,9
1.427599,0.5340959552535597,0.6706848753822363,0.8189535245557199,feynman_III_15_27.csv,15,5,19,4
6.272043999999998,1.2607335957091632,3.417592045875181,1.8486730500213335,feynman_III_15_27.csv,154,2,9,9
6.43365,1.4942358596773482,4.966081068337129,2.228470567078939,feynman_III_15_27.csv,277,1,10,10
21.385931,0.3819231065993,0.3368241696764244,0.5803655483196986,feynman_III_15_27.csv,216,6,9,9
12.915413,0.5317951558479911,0.6620593462070671,0.8136702933050137,feynman_III_15_27.csv,148,5,19,7
3.433132,1.5108126325633888,5.055247259619613,2.248387702247905,feynman_III_15_27.csv,149,1,9,7
9.099258,0.9167890314958076,1.9027405770490005,1.3793986287687108,feynman_III_15_27.csv,164,3,14,12
6.024775999999999,0.9158367472764196,1.8963393696988649,1.377076384845396,feynman_III_15_27.csv,105,3,11,9
1.142081,1.5350523225124368,5.177221380591869,2.275350825827057,feynman_III_15_27.csv,44,1,15,6
4.354375,0.9155996350297564,1.897150740817364,1.377370952509659,feynman_III_15_27.csv,74,3,7,3
2.314494,1.5102008762850518,5.0503906472515245,2.2473074216162603,feynman_III_15_27.csv,99,1,13,9
9.52086,0.9168063348101811,1.9029984957402004,1.3794921151424535,feynman_III_15_27.csv,167,3,9,4
8.943933999999997,1.2611946202386566,3.4188873566994484,1.8490233521238852,feynman_III_15_27.csv,225,2,11,10
10.620324,0.9157881540118258,1.8966922606468648,1.377204509376463,feynman_III_15_27.csv,194,3,9,8
2.426215,1.5086448380111437,5.042343780861226,2.245516372877568,feynman_III_15_27.csv,103,1,19,5
12.198847,0.9164798292894696,1.9000570324646529,1.3784255629030726,feynman_III_15_27.csv,210,3,9,7
2.9962169999999997,0.009057606087214296,0.00031919434140255284,0.0178660107859184,feynman_II_13_17.csv,55,2,18,6
8.193849,0.007499805222771258,0.00021768021290651522,0.014753989728426516,feynman_II_13_17.csv,112,3,12,8
7.794198,0.009087663765178715,0.0003211655132156933,0.017921091295333924,feynman_II_13_17.csv,154,2,6,9
14.324728,0.00907931020273076,0.00032053880531112723,0.017903597552199592,feynman_II_13_17.csv,283,2,11,6
5.856884,0.010726273040920466,0.0004147552876636109,0.02036554167370981,feynman_II_13_17.csv,213,1,10,9
1.86843,0.00509210192541876,9.670884454218218e-05,0.009834065514434108,feynman_II_13_17.csv,15,5,19,4
8.212793999999999,0.009087663765178715,0.0003211655132156933,0.017921091295333924,feynman_II_13_17.csv,154,2,9,9
7.939537,0.010720368451435407,0.0004146281960355787,0.020362421173219524,feynman_II_13_17.csv,277,1,10,10
16.763574000000002,0.004923530501557604,8.980471856927725e-05,0.009476535156336266,feynman_II_13_17.csv,148,5,19,7
28.313955,0.0038371254939773866,5.5224797184212426e-05,0.007431338855429246,feynman_II_13_17.csv,216,6,9,9
4.445064,0.010719113879067096,0.0004144165270626422,0.02035722297030325,feynman_II_13_17.csv,149,1,9,7
11.936262,0.007510715034957451,0.00021743177391212023,0.014745567941321225,feynman_II_13_17.csv,164,3,14,12
1.4420499999999998,0.010726969198426368,0.0004153624540452489,0.02038044293054616,feynman_II_13_17.csv,44,1,15,6
5.4989750000000015,0.007520519630828438,0.00021865472781495168,0.01478697831928321,feynman_II_13_17.csv,74,3,7,3
7.676073,0.007500515441143142,0.00021745286312940056,0.014746283027576832,feynman_II_13_17.csv,105,3,11,9
2.98706,0.010715335081349194,0.0004143392358496305,0.02035532450858081,feynman_II_13_17.csv,99,1,13,9
12.042794,0.007512143810427299,0.00021745986719614669,0.014746520511501916,feynman_II_13_17.csv,167,3,9,4
11.516136999999999,0.00907544678193517,0.00032005649056640763,0.01789012270965204,feynman_II_13_17.csv,225,2,11,10
13.874075,0.0075119590078312985,0.00021735146394221016,0.014742844499695784,feynman_II_13_17.csv,194,3,9,8
2.970577,0.010718474136223123,0.0004144971187889734,0.02035920231219714,feynman_II_13_17.csv,103,1,19,5
15.446634,0.007509996141414645,0.00021722651710865865,0.014738606348927928,feynman_II_13_17.csv,210,3,9,7
2.369795,3.832156729979268,20.888850482204433,4.570432198622406,feynman_III_15_12.csv,55,2,18,6
6.313141000000001,3.7880128328266087,20.416337550383407,4.518444151517579,feynman_III_15_12.csv,112,3,12,8
6.052098,3.832791643171261,20.892928934321862,4.5708783547937335,feynman_III_15_12.csv,154,2,6,9
11.242647,3.83257090487177,20.890426346416703,4.570604593094519,feynman_III_15_12.csv,283,2,11,6
4.844706,3.917428168192965,21.957374357264236,4.685869647916408,feynman_III_15_12.csv,213,1,10,9
1.4126940000000001,3.4708716789532463,17.57002588873943,4.191661471151914,feynman_III_15_12.csv,15,5,19,4
6.29595,3.832791643171261,20.892928934321862,4.5708783547937335,feynman_III_15_12.csv,154,2,9,9
6.5789539999999995,3.917403718662323,21.959309447304395,4.6860761247876015,feynman_III_15_12.csv,277,1,10,10
20.786026000000003,3.240752374985357,15.784744016647522,3.973001889836893,feynman_III_15_12.csv,216,6,9,9
12.557493,3.473555561727036,17.563575801373972,4.19089200545349,feynman_III_15_12.csv,148,5,19,7
3.3601460000000003,3.917982827029898,21.96465678669833,4.686646646238474,feynman_III_15_12.csv,149,1,9,7
9.115121,3.7881944607771336,20.4162755969798,4.5184372958999655,feynman_III_15_12.csv,164,3,14,12
5.834476,3.788036138658263,20.41827106304156,4.518658104243068,feynman_III_15_12.csv,105,3,11,9
1.155188,3.916499008389823,21.943985493292065,4.684440787681286,feynman_III_15_12.csv,44,1,15,6
4.146605999999999,3.788425307136295,20.42328269670689,4.5192126191082105,feynman_III_15_12.csv,74,3,7,3
2.438316,3.9181192041787654,21.965923933580502,4.686781831233507,feynman_III_15_12.csv,99,1,13,9
9.439312,3.7882815774173375,20.41722036094584,4.518541840123409,feynman_III_15_12.csv,167,3,9,4
10.830253,3.788358765687117,20.418400337221613,4.5186724087082935,feynman_III_15_12.csv,194,3,9,8
8.99518,3.8325914090611315,20.890710647932952,4.570635694072866,feynman_III_15_12.csv,225,2,11,10
2.4388810000000003,3.9178243613453416,21.963031542054573,4.686473252036607,feynman_III_15_12.csv,103,1,19,5
11.733792,3.788292218374037,20.418578683684487,4.518692143052512,feynman_III_15_12.csv,210,3,9,7
3.622619,115.05016470928308,30713.77460584324,175.25345818511894,feynman_II_34_29b.csv,55,2,18,6
9.938919,96.72266213525265,22525.044655516704,150.08345896705842,feynman_II_34_29b.csv,112,3,12,8
9.495983,114.73705856588677,30622.81916952444,174.99376894485258,feynman_II_34_29b.csv,154,2,6,9
17.392301999999997,114.77089603711428,30645.234464182315,175.05780320848967,feynman_II_34_29b.csv,283,2,11,6
7.157592999999999,134.7098924902723,40274.18328047603,200.6842875774684,feynman_II_34_29b.csv,213,1,10,9
2.192006,70.91861138100259,12158.236843991355,110.26439517809617,feynman_II_34_29b.csv,15,5,19,4
9.462283,114.73705856588677,30622.819169524435,174.99376894485258,feynman_II_34_29b.csv,154,2,9,9
9.498902000000001,134.73125281697133,40286.05463144273,200.713862579152,feynman_II_34_29b.csv,277,1,10,10
20.260422,70.74002954320683,12027.649917640438,109.67064291614432,feynman_II_34_29b.csv,148,5,19,7
5.308366,134.7204509356504,40282.36229610151,200.70466436060104,feynman_II_34_29b.csv,149,1,9,7
33.570541,56.340954375985014,7868.260828872591,88.70321769176466,feynman_II_34_29b.csv,216,6,9,9
14.127201000000001,96.58624032599266,22505.80762917316,150.0193575148659,feynman_II_34_29b.csv,164,3,14,12
1.668608,134.77033095792498,40313.13246831627,200.78130507673333,feynman_II_34_29b.csv,44,1,15,6
6.653946,96.87539238734252,22566.285984594433,150.2207907867431,feynman_II_34_29b.csv,74,3,7,3
9.313486,96.69305286481428,22523.52916380656,150.07841005223426,feynman_II_34_29b.csv,105,3,11,9
3.5843099999999994,134.76379072858995,40304.305741258264,200.75932292488503,feynman_II_34_29b.csv,99,1,13,9
14.898723,96.59512627448947,22499.38733896438,149.99795778264573,feynman_II_34_29b.csv,167,3,9,4
14.045596,114.7568625534566,30634.038987830685,175.02582377418102,feynman_II_34_29b.csv,225,2,11,10
3.722303,134.74960009783712,40300.191214929335,200.74907525298678,feynman_II_34_29b.csv,103,1,19,5
17.23473,96.60263850489515,22496.107938336358,149.98702590003032,feynman_II_34_29b.csv,194,3,9,8
19.219255,96.610563380935,22504.22591257268,150.01408571388447,feynman_II_34_29b.csv,210,3,9,7
3.649558,0.0686322432502621,0.009061182686250243,0.09519024470107347,feynman_II_11_3.csv,55,2,18,6
9.950041,0.05539759068861014,0.006100595020374688,0.07810630589379251,feynman_II_11_3.csv,112,3,12,8
9.620127,0.06866580275476544,0.009069626140543349,0.09523458479220323,feynman_II_11_3.csv,154,2,6,9
17.542727,0.0686744401650465,0.009073358260057077,0.0952541771265548,feynman_II_11_3.csv,283,2,11,6
7.156886,0.078591154395991,0.011882980892033016,0.10900908628198393,feynman_II_11_3.csv,213,1,10,9
2.237977,0.036550074057770485,0.002728711509388635,0.052237070260387264,feynman_II_11_3.csv,15,5,19,4
9.540132,0.06866580275476544,0.00906962614054335,0.09523458479220323,feynman_II_11_3.csv,154,2,9,9
9.605567,0.07859825825208305,0.011884313290429669,0.10901519752048183,feynman_II_11_3.csv,277,1,10,10
20.507903,0.03670000601407023,0.002735497556906918,0.05230198425401199,feynman_II_11_3.csv,148,5,19,7
5.301202999999999,0.07859628123325155,0.011883619619031284,0.1090120159387546,feynman_II_11_3.csv,149,1,9,7
34.150257,0.030840637410770925,0.001973533803236288,0.044424473021480934,feynman_II_11_3.csv,216,6,9,9
14.521897000000001,0.055223403627027885,0.006053930159755454,0.07780700585265735,feynman_II_11_3.csv,164,3,14,12
1.720973,0.07859888564022299,0.011881006162640413,0.10900002826898904,feynman_II_11_3.csv,44,1,15,6
6.820949000000001,0.05563918090063517,0.006148115170979519,0.07840991755498483,feynman_II_11_3.csv,74,3,7,3
9.463148,0.05546648483487065,0.006114645132909857,0.07819619640947925,feynman_II_11_3.csv,105,3,11,9
3.5772230000000005,0.07860831441636744,0.011884963322360538,0.10901817886187852,feynman_II_11_3.csv,99,1,13,9
14.803363000000001,0.05517495991724376,0.0060420637580628775,0.07773071309374999,feynman_II_11_3.csv,167,3,9,4
13.897395999999999,0.06866274178681224,0.009070234299347429,0.09523777769009224,feynman_II_11_3.csv,225,2,11,10
3.6367580000000004,0.07861128607776595,0.011886718239093085,0.10902622729918283,feynman_II_11_3.csv,103,1,19,5
16.797428,0.055115018374282655,0.006031885886667285,0.07766521671036065,feynman_II_11_3.csv,194,3,9,8
18.768739,0.05513187409382105,0.006036172828831972,0.07769281066374141,feynman_II_11_3.csv,210,3,9,7
2.256005,0.3138703230454218,0.12205599784566636,0.3493651354180413,feynman_III_8_54.csv,55,2,18,6
6.287414,0.30013426349017425,0.11464499469229705,0.33859266780646186,feynman_III_8_54.csv,112,3,12,8
5.947998,0.3138126678561799,0.12203674013854834,0.34933757332778903,feynman_III_8_54.csv,154,2,6,9
10.97296,0.3137799056550046,0.12201949947959825,0.3493128962400304,feynman_III_8_54.csv,283,2,11,6
4.7678720000000006,0.31723758043373257,0.12449336402902185,0.3528361716562261,feynman_III_8_54.csv,213,1,10,9
1.44625,0.2734003714873649,0.09884528237068294,0.3143966958647672,feynman_III_8_54.csv,15,5,19,4
6.202351999999999,0.3138126678561799,0.12203674013854834,0.34933757332778903,feynman_III_8_54.csv,154,2,9,9
6.425072,0.3172340809234613,0.1244848596893043,0.35282412005035074,feynman_III_8_54.csv,277,1,10,10
20.835747,0.254795558735092,0.08860440247739387,0.2976649164369121,feynman_III_8_54.csv,216,6,9,9
3.307314,0.31724618693483914,0.12450507930449405,0.35285277284512595,feynman_III_8_54.csv,149,1,9,7
9.035796,0.300093521401326,0.1145852255293432,0.3385043951403633,feynman_III_8_54.csv,164,3,14,12
5.863066000000001,0.3001372966249236,0.11465163250351686,0.3386024697244792,feynman_III_8_54.csv,105,3,11,9
1.0440740000000002,0.3172689915922947,0.12452832033697125,0.352885704353366,feynman_III_8_54.csv,44,1,15,6
2.411751,0.3172553256949918,0.12452134023640532,0.3528758141845447,feynman_III_8_54.csv,99,1,13,9
9.329728,0.3001058894854161,0.11460119292011188,0.3385279795232765,feynman_III_8_54.csv,167,3,9,4
10.794739,0.3001002975161939,0.11460744541367,0.3385372142227055,feynman_III_8_54.csv,194,3,9,8
2.366556,0.3172545428597333,0.12452087259960795,0.3528751515757492,feynman_III_8_54.csv,103,1,19,5
11.710494,0.3000860210565149,0.11459907812851018,0.3385248559980643,feynman_III_8_54.csv,210,3,9,7
