Cpu,mae,mse,rmse,File,c,epison,cs,iterations
0.02218699999999996,0.5,0.25,0.5,analcatdata_cyyoung9302.csv,7835.71,58.48,0.32,997
0.02126199999999989,0.5,0.25,0.5,analcatdata_cyyoung9302.csv,7129.93,70.31,0.56,259
0.022446999999999884,0.5,0.25,0.5,analcatdata_cyyoung9302.csv,5310.51,11.08,0.63,798
0.02650900000000012,0.5,0.25,0.5,analcatdata_cyyoung9302.csv,9661.79,51.04,0.7,21
0.01848799999999995,0.5,0.25,0.5,analcatdata_cyyoung9302.csv,5181.09,63.15,0.69,713
0.020140000000000047,0.5,0.25,0.5,analcatdata_cyyoung9302.csv,5069.42,72.71,0.68,38
0.016947999999999963,0.5,0.25,0.5,analcatdata_cyyoung9302.csv,5487.92,88.91,0.48,417
0.025188999999999902,0.5,0.25,0.5,analcatdata_cyyoung9302.csv,232.15,75.81,0.96,240
0.02125200000000005,0.5,0.25,0.5,analcatdata_cyyoung9302.csv,1956.73,8.97,0.16,303
0.02288599999999996,0.5,0.25,0.5,analcatdata_cyyoung9302.csv,9038.01,32.16,0.93,39
0.02926099999999998,0.5,0.25,0.5,analcatdata_cyyoung9302.csv,7843.38,57.55,0.71,358
0.03157399999999999,0.5,0.25,0.5,analcatdata_cyyoung9302.csv,4200.98,85.5,0.14,230
0.018062000000000026,0.5,0.25,0.5,analcatdata_cyyoung9302.csv,1321.57,48.31,0.27,415
0.017583000000000015,0.5,0.25,0.5,analcatdata_cyyoung9302.csv,1764.61,92.11,0.06,574
0.021658999999999984,0.5,0.25,0.5,analcatdata_cyyoung9302.csv,111.6,54.33,0.63,85
0.02651800000000004,0.5,0.25,0.5,analcatdata_cyyoung9302.csv,4362.05,92.84,0.82,591
0.020303000000000068,0.5,0.25,0.5,analcatdata_cyyoung9302.csv,4516.87,13.77,0.73,655
0.021090999999999967,0.5,0.25,0.5,analcatdata_cyyoung9302.csv,7536.28,16.73,0.41,600
0.019865000000000018,0.5,0.25,0.5,analcatdata_cyyoung9302.csv,8462.34,16.04,0.7,541
0.028457000000000062,0.5,0.25,0.5,analcatdata_cyyoung9302.csv,3007.96,83.0,0.72,37
0.01586999999999994,0.5,0.25,0.5,analcatdata_cyyoung9302.csv,5958.27,62.27,0.09,995
0.015633999999999926,0.5,0.25,0.5,analcatdata_cyyoung9302.csv,2359.71,19.55,0.02,707
0.022480000000000052,0.5,0.25,0.5,prnn_crabs.csv,5310.51,11.08,0.63,798
0.018504000000000083,0.5,0.25,0.5,prnn_crabs.csv,7835.71,58.48,0.32,997
0.01920900000000003,0.5,0.25,0.5,prnn_crabs.csv,7129.93,70.31,0.56,259
0.031775000000000116,0.5,0.25,0.5,prnn_crabs.csv,9661.79,51.04,0.7,21
0.01713600000000004,0.5,0.25,0.5,prnn_crabs.csv,5181.09,63.15,0.69,713
0.01859700000000009,0.5,0.25,0.5,prnn_crabs.csv,5069.42,72.71,0.68,38
0.02122099999999993,0.5,0.25,0.5,prnn_crabs.csv,232.15,75.81,0.96,240
0.022978999999999968,0.5,0.25,0.5,prnn_crabs.csv,5487.92,88.91,0.48,417
0.01938699999999993,0.5,0.25,0.5,prnn_crabs.csv,7843.38,57.55,0.71,358
0.02061099999999993,0.5,0.25,0.5,prnn_crabs.csv,4200.98,85.5,0.14,230
0.02391399999999999,0.5,0.25,0.5,prnn_crabs.csv,9038.01,32.16,0.93,39
0.025062000000000032,0.5,0.25,0.5,prnn_crabs.csv,1956.73,8.97,0.16,303
0.022482000000000116,0.5,0.25,0.5,prnn_crabs.csv,111.6,54.33,0.63,85
0.01979500000000001,0.5,0.25,0.5,prnn_crabs.csv,1321.57,48.31,0.27,415
0.01894200000000001,0.5,0.25,0.5,prnn_crabs.csv,4362.05,92.84,0.82,591
0.024858000000000047,0.5,0.25,0.5,prnn_crabs.csv,1764.61,92.11,0.06,574
0.019549000000000042,0.5,0.25,0.5,prnn_crabs.csv,3007.96,83.0,0.72,37
0.02364900000000003,0.5,0.25,0.5,prnn_crabs.csv,4516.87,13.77,0.73,655
0.027008000000000143,0.5,0.25,0.5,prnn_crabs.csv,8462.34,16.04,0.7,541
0.02246899999999985,0.5,0.25,0.5,prnn_crabs.csv,7536.28,16.73,0.41,600
0.018612000000000076,0.5,0.25,0.5,prnn_crabs.csv,5958.27,62.27,0.09,995
0.01877200000000001,0.5,0.25,0.5,prnn_crabs.csv,2359.71,19.55,0.02,707
0.03181899999999993,0.9690539345711758,0.9690539345711758,0.9844053710596952,allbp.csv,5310.51,11.08,0.63,798
0.03430500000000003,0.9690539345711758,0.9690539345711758,0.9844053710596952,allbp.csv,7129.93,70.31,0.56,259
0.03026799999999996,0.9690539345711758,0.9690539345711758,0.9844053710596952,allbp.csv,9661.79,51.04,0.7,21
0.03847,0.9690539345711758,0.9690539345711758,0.9844053710596952,allbp.csv,7835.71,58.48,0.32,997
0.03692499999999999,0.9690539345711758,0.9690539345711758,0.9844053710596952,allbp.csv,5069.42,72.71,0.68,38
0.03465699999999994,0.9690539345711758,0.9690539345711758,0.9844053710596952,allbp.csv,5487.92,88.91,0.48,417
0.033561000000000174,0.9690539345711758,0.9690539345711758,0.9844053710596952,allbp.csv,232.15,75.81,0.96,240
0.038324000000000025,0.9690539345711758,0.9690539345711758,0.9844053710596952,allbp.csv,5181.09,63.15,0.69,713
0.031321000000000154,0.9690539345711758,0.9690539345711758,0.9844053710596952,allbp.csv,4200.98,85.5,0.14,230
0.03344499999999995,0.9690539345711758,0.9690539345711758,0.9844053710596952,allbp.csv,9038.01,32.16,0.93,39
0.03266900000000006,0.9690539345711758,0.9690539345711758,0.9844053710596952,allbp.csv,7843.38,57.55,0.71,358
0.032971000000000084,0.9690539345711758,0.9690539345711758,0.9844053710596952,allbp.csv,1956.73,8.97,0.16,303
0.03284600000000015,0.9690539345711758,0.9690539345711758,0.9844053710596952,allbp.csv,111.6,54.33,0.63,85
0.033247000000000033,0.9690539345711758,0.9690539345711758,0.9844053710596952,allbp.csv,4362.05,92.84,0.82,591
0.037144999999999984,0.9690539345711758,0.9690539345711758,0.9844053710596952,allbp.csv,1764.61,92.11,0.06,574
0.038648000000000016,0.9690539345711758,0.9690539345711758,0.9844053710596952,allbp.csv,1321.57,48.31,0.27,415
0.034210999999999984,0.9690539345711758,0.9690539345711758,0.9844053710596952,allbp.csv,7536.28,16.73,0.41,600
0.02880400000000005,0.9690539345711758,0.9690539345711758,0.9844053710596952,allbp.csv,4516.87,13.77,0.73,655
0.031505000000000116,0.9690539345711758,0.9690539345711758,0.9844053710596952,allbp.csv,8462.34,16.04,0.7,541
0.035714000000000024,0.9690539345711758,0.9690539345711758,0.9844053710596952,allbp.csv,3007.96,83.0,0.72,37
0.02820300000000009,0.9690539345711758,0.9690539345711758,0.9844053710596952,allbp.csv,2359.71,19.55,0.02,707
0.02752499999999991,0.9690539345711758,0.9690539345711758,0.9844053710596952,allbp.csv,5958.27,62.27,0.09,995
0.017263999999999946,3.6449999641006183,20.313266313897095,4.507024108421997,229_pwLinear.csv,7129.93,70.31,0.56,259
0.016396000000000074,3.6449999641006183,20.313266313897095,4.507024108421997,229_pwLinear.csv,9661.79,51.04,0.7,21
0.017791,3.6156822925416963,19.99547923530667,4.471630489576109,229_pwLinear.csv,5310.51,11.08,0.63,798
0.02376400000000012,3.6449999641006183,20.313266313897095,4.507024108421997,229_pwLinear.csv,7835.71,58.48,0.32,997
0.02088000000000001,3.6449999641006183,20.313266313897095,4.507024108421997,229_pwLinear.csv,5181.09,63.15,0.69,713
0.018186999999999957,3.6449999641006183,20.313266313897095,4.507024108421997,229_pwLinear.csv,232.15,75.81,0.96,240
0.018417000000000017,3.6449999641006183,20.313266313897095,4.507024108421997,229_pwLinear.csv,5069.42,72.71,0.68,38
0.025345000000000062,3.6449999641006183,20.313266313897095,4.507024108421997,229_pwLinear.csv,5487.92,88.91,0.48,417
0.022855999999999987,3.6449999641006183,20.313266313897095,4.507024108421997,229_pwLinear.csv,7843.38,57.55,0.71,358
0.02649199999999996,3.6449999641006183,20.313266313897095,4.507024108421997,229_pwLinear.csv,4200.98,85.5,0.14,230
0.027783,3.324236688567962,17.100874358249442,4.135320345299677,229_pwLinear.csv,1956.73,8.97,0.16,303
0.025884000000000015,3.6449999641006183,20.313266313897095,4.507024108421997,229_pwLinear.csv,9038.01,32.16,0.93,39
0.01885099999999995,3.6449999641006183,20.313266313897095,4.507024108421997,229_pwLinear.csv,4362.05,92.84,0.82,591
0.02018299999999995,3.6449999641006183,20.313266313897095,4.507024108421997,229_pwLinear.csv,1764.61,92.11,0.06,574
0.02624899999999997,3.6449999641006183,20.313266313897095,4.507024108421997,229_pwLinear.csv,111.6,54.33,0.63,85
0.027383000000000046,3.6449999641006183,20.313266313897095,4.507024108421997,229_pwLinear.csv,1321.57,48.31,0.27,415
0.01838400000000007,3.6449999641006183,20.313266313897095,4.507024108421997,229_pwLinear.csv,8462.34,16.04,0.7,541
0.0214629999999999,3.6449999641006183,20.313266313897095,4.507024108421997,229_pwLinear.csv,4516.87,13.77,0.73,655
0.021712999999999986,3.6449999641006183,20.313266313897095,4.507024108421997,229_pwLinear.csv,7536.28,16.73,0.41,600
0.03523699999999996,3.6449999641006183,20.313266313897095,4.507024108421997,229_pwLinear.csv,3007.96,83.0,0.72,37
0.01564600000000005,3.6449999641006183,20.313266313897095,4.507024108421997,229_pwLinear.csv,5958.27,62.27,0.09,995
0.015562999999999994,3.6449999641006183,20.313266313897095,4.507024108421997,229_pwLinear.csv,2359.71,19.55,0.02,707
0.03571000000000002,7.314153421874219,75.19093021538231,8.671270392242553,503_wind.csv,7129.93,70.31,0.56,259
0.038567999999999936,7.314153421874219,75.19093021538231,8.671270392242553,503_wind.csv,9661.79,51.04,0.7,21
0.05922499999999997,5.033190495705692,35.968606488124685,5.9973833034186415,503_wind.csv,5310.51,11.08,0.63,798
0.03788399999999992,7.314153421874219,75.19093021538231,8.671270392242553,503_wind.csv,7835.71,58.48,0.32,997
0.03195700000000001,7.314153421874219,75.19093021538231,8.671270392242553,503_wind.csv,232.15,75.81,0.96,240
0.03419700000000003,7.314153421874219,75.19093021538231,8.671270392242553,503_wind.csv,5069.42,72.71,0.68,38
0.04062500000000002,7.314153421874219,75.19093021538231,8.671270392242553,503_wind.csv,5487.92,88.91,0.48,417
0.03500000000000003,7.314153421874219,75.19093021538231,8.671270392242553,503_wind.csv,5181.09,63.15,0.69,713
0.04163399999999995,7.314153421874219,75.19093021538231,8.671270392242553,503_wind.csv,4200.98,85.5,0.14,230
0.03514899999999998,7.314153421874219,75.19093021538231,8.671270392242553,503_wind.csv,7843.38,57.55,0.71,358
0.03788799999999992,7.314153421874219,75.19093021538231,8.671270392242553,503_wind.csv,9038.01,32.16,0.93,39
0.08701099999999995,3.6054699316414456,20.417836036725344,4.518609967315761,503_wind.csv,1956.73,8.97,0.16,303
0.03311699999999995,7.314153421874219,75.19093021538231,8.671270392242553,503_wind.csv,1764.61,92.11,0.06,574
0.03740299999999985,7.314153421874219,75.19093021538231,8.671270392242553,503_wind.csv,1321.57,48.31,0.27,415
0.03883300000000012,7.314153421874219,75.19093021538231,8.671270392242553,503_wind.csv,4362.05,92.84,0.82,591
0.047711000000000066,7.314153421874219,75.19093021538231,8.671270392242553,503_wind.csv,111.6,54.33,0.63,85
0.04155299999999995,6.321963549712881,56.85928302274189,7.540509467054722,503_wind.csv,8462.34,16.04,0.7,541
0.05982699999999985,5.685005883642372,46.26600198898865,6.801911642250923,503_wind.csv,4516.87,13.77,0.73,655
0.038219,7.314153421874219,75.19093021538231,8.671270392242553,503_wind.csv,3007.96,83.0,0.72,37
0.04746899999999998,6.576516306430388,61.26929868774202,7.827470772078425,503_wind.csv,7536.28,16.73,0.41,600
0.03010599999999997,7.314153421874219,75.19093021538231,8.671270392242553,503_wind.csv,5958.27,62.27,0.09,995
0.03193400000000013,7.1604105948036265,72.20986658830832,8.497638883143264,503_wind.csv,2359.71,19.55,0.02,707
0.020661999999999958,0.5,0.25,0.5,tic_tac_toe.csv,9661.79,51.04,0.7,21
0.020926,0.5,0.25,0.5,tic_tac_toe.csv,5310.51,11.08,0.63,798
0.026119000000000003,0.5,0.25,0.5,tic_tac_toe.csv,7129.93,70.31,0.56,259
0.0319799999999999,0.5,0.25,0.5,tic_tac_toe.csv,7835.71,58.48,0.32,997
0.02333800000000008,0.5,0.25,0.5,tic_tac_toe.csv,5069.42,72.71,0.68,38
0.022955999999999976,0.5,0.25,0.5,tic_tac_toe.csv,5487.92,88.91,0.48,417
0.018016000000000032,0.5,0.25,0.5,tic_tac_toe.csv,232.15,75.81,0.96,240
0.03074700000000008,0.5,0.25,0.5,tic_tac_toe.csv,5181.09,63.15,0.69,713
0.02164699999999997,0.5,0.25,0.5,tic_tac_toe.csv,9038.01,32.16,0.93,39
0.02016399999999985,0.5,0.25,0.5,tic_tac_toe.csv,4200.98,85.5,0.14,230
0.030000999999999944,0.5,0.25,0.5,tic_tac_toe.csv,7843.38,57.55,0.71,358
0.02722800000000003,0.5,0.25,0.5,tic_tac_toe.csv,1956.73,8.97,0.16,303
0.02155799999999997,0.5,0.25,0.5,tic_tac_toe.csv,4362.05,92.84,0.82,591
0.021294000000000143,0.5,0.25,0.5,tic_tac_toe.csv,1764.61,92.11,0.06,574
0.029084000000000113,0.5,0.25,0.5,tic_tac_toe.csv,111.6,54.33,0.63,85
0.033268000000000075,0.5,0.25,0.5,tic_tac_toe.csv,1321.57,48.31,0.27,415
0.01862699999999995,0.5,0.25,0.5,tic_tac_toe.csv,3007.96,83.0,0.72,37
0.018820999999999977,0.5,0.25,0.5,tic_tac_toe.csv,7536.28,16.73,0.41,600
0.02872300000000005,0.5,0.25,0.5,tic_tac_toe.csv,8462.34,16.04,0.7,541
0.023476000000000045,0.5,0.25,0.5,tic_tac_toe.csv,4516.87,13.77,0.73,655
0.016931000000000033,0.5,0.25,0.5,tic_tac_toe.csv,5958.27,62.27,0.09,995
0.017828999999999873,0.5,0.25,0.5,tic_tac_toe.csv,2359.71,19.55,0.02,707
0.037303000000000086,0.5,0.25,0.5,Hill_Valley_with_noise.csv,7835.71,58.48,0.32,997
0.043822000000000035,0.5,0.25,0.5,Hill_Valley_with_noise.csv,9661.79,51.04,0.7,21
0.04731699999999983,0.5,0.25,0.5,Hill_Valley_with_noise.csv,7129.93,70.31,0.56,259
0.04799600000000015,0.5,0.25,0.5,Hill_Valley_with_noise.csv,5310.51,11.08,0.63,798
0.04430500000000004,0.5,0.25,0.5,Hill_Valley_with_noise.csv,5069.42,72.71,0.68,38
0.044300000000000006,0.5,0.25,0.5,Hill_Valley_with_noise.csv,232.15,75.81,0.96,240
0.060620999999999814,0.5,0.25,0.5,Hill_Valley_with_noise.csv,5487.92,88.91,0.48,417
0.05236900000000011,0.5,0.25,0.5,Hill_Valley_with_noise.csv,5181.09,63.15,0.69,713
0.0441450000000001,0.5,0.25,0.5,Hill_Valley_with_noise.csv,7843.38,57.55,0.71,358
0.05522999999999989,0.5,0.25,0.5,Hill_Valley_with_noise.csv,9038.01,32.16,0.93,39
0.0513269999999999,0.5,0.25,0.5,Hill_Valley_with_noise.csv,1956.73,8.97,0.16,303
0.05869099999999983,0.5,0.25,0.5,Hill_Valley_with_noise.csv,4200.98,85.5,0.14,230
0.04102700000000015,0.5,0.25,0.5,Hill_Valley_with_noise.csv,4362.05,92.84,0.82,591
0.043105999999999985,0.5,0.25,0.5,Hill_Valley_with_noise.csv,1321.57,48.31,0.27,415
0.04142500000000005,0.5,0.25,0.5,Hill_Valley_with_noise.csv,111.6,54.33,0.63,85
0.04195399999999983,0.5,0.25,0.5,Hill_Valley_with_noise.csv,1764.61,92.11,0.06,574
0.042114000000000214,0.5,0.25,0.5,Hill_Valley_with_noise.csv,7536.28,16.73,0.41,600
0.04423899999999992,0.5,0.25,0.5,Hill_Valley_with_noise.csv,3007.96,83.0,0.72,37
0.05615100000000006,0.5,0.25,0.5,Hill_Valley_with_noise.csv,4516.87,13.77,0.73,655
0.052617000000000136,0.5,0.25,0.5,Hill_Valley_with_noise.csv,8462.34,16.04,0.7,541
0.03744999999999998,0.5,0.25,0.5,Hill_Valley_with_noise.csv,2359.71,19.55,0.02,707
0.03785100000000008,0.5,0.25,0.5,Hill_Valley_with_noise.csv,5958.27,62.27,0.09,995
0.02024400000000004,0.8188977015018463,1.1916963420193736,1.091648451663526,658_fri_c3_250_25.csv,9661.79,51.04,0.7,21
0.02260200000000001,0.8188977015018463,1.1916963420193736,1.091648451663526,658_fri_c3_250_25.csv,5310.51,11.08,0.63,798
0.021063999999999968,0.8188977015018463,1.1916963420193736,1.091648451663526,658_fri_c3_250_25.csv,7835.71,58.48,0.32,997
0.03190599999999999,0.8188977015018463,1.1916963420193736,1.091648451663526,658_fri_c3_250_25.csv,7129.93,70.31,0.56,259
0.024747999999999992,0.8188977015018463,1.1916963420193736,1.091648451663526,658_fri_c3_250_25.csv,232.15,75.81,0.96,240
0.022227999999999914,0.8188977015018463,1.1916963420193736,1.091648451663526,658_fri_c3_250_25.csv,5487.92,88.91,0.48,417
0.02199799999999996,0.8188977015018463,1.1916963420193736,1.091648451663526,658_fri_c3_250_25.csv,5069.42,72.71,0.68,38
0.030980999999999925,0.8188977015018463,1.1916963420193736,1.091648451663526,658_fri_c3_250_25.csv,5181.09,63.15,0.69,713
0.02068200000000009,0.8188977015018463,1.1916963420193736,1.091648451663526,658_fri_c3_250_25.csv,4200.98,85.5,0.14,230
0.023768000000000008,0.8188977015018463,1.1916963420193736,1.091648451663526,658_fri_c3_250_25.csv,7843.38,57.55,0.71,358
0.02493000000000012,0.8188977015018463,1.1916963420193736,1.091648451663526,658_fri_c3_250_25.csv,9038.01,32.16,0.93,39
0.033624999999999794,0.8188977015018463,1.1916963420193736,1.091648451663526,658_fri_c3_250_25.csv,1956.73,8.97,0.16,303
0.019372999999999974,0.8188977015018463,1.1916963420193736,1.091648451663526,658_fri_c3_250_25.csv,4362.05,92.84,0.82,591
0.02544600000000008,0.8188977015018463,1.1916963420193736,1.091648451663526,658_fri_c3_250_25.csv,111.6,54.33,0.63,85
0.024209999999999843,0.8188977015018463,1.1916963420193736,1.091648451663526,658_fri_c3_250_25.csv,1321.57,48.31,0.27,415
0.029160999999999992,0.8188977015018463,1.1916963420193736,1.091648451663526,658_fri_c3_250_25.csv,1764.61,92.11,0.06,574
0.023891999999999917,0.8188977015018463,1.1916963420193736,1.091648451663526,658_fri_c3_250_25.csv,7536.28,16.73,0.41,600
0.02438200000000001,0.8188977015018463,1.1916963420193736,1.091648451663526,658_fri_c3_250_25.csv,8462.34,16.04,0.7,541
0.027237999999999873,0.8188977015018463,1.1916963420193736,1.091648451663526,658_fri_c3_250_25.csv,4516.87,13.77,0.73,655
0.02494900000000011,0.8188977015018463,1.1916963420193736,1.091648451663526,658_fri_c3_250_25.csv,3007.96,83.0,0.72,37
0.017630000000000038,0.8188977015018463,1.1916963420193736,1.091648451663526,658_fri_c3_250_25.csv,2359.71,19.55,0.02,707
0.01763899999999996,0.8188977015018463,1.1916963420193736,1.091648451663526,658_fri_c3_250_25.csv,5958.27,62.27,0.09,995
0.046496000000000086,0.794470791403825,1.1582239621584918,1.0762081407230164,588_fri_c4_1000_100.csv,5310.51,11.08,0.63,798
0.05072500000000002,0.794470791403825,1.1582239621584918,1.0762081407230164,588_fri_c4_1000_100.csv,9661.79,51.04,0.7,21
0.043771000000000115,0.794470791403825,1.1582239621584918,1.0762081407230164,588_fri_c4_1000_100.csv,7129.93,70.31,0.56,259
0.0580210000000001,0.794470791403825,1.1582239621584918,1.0762081407230164,588_fri_c4_1000_100.csv,7835.71,58.48,0.32,997
0.04884299999999997,0.794470791403825,1.1582239621584918,1.0762081407230164,588_fri_c4_1000_100.csv,5069.42,72.71,0.68,38
0.04475400000000007,0.794470791403825,1.1582239621584918,1.0762081407230164,588_fri_c4_1000_100.csv,5181.09,63.15,0.69,713
0.064079,0.794470791403825,1.1582239621584918,1.0762081407230164,588_fri_c4_1000_100.csv,232.15,75.81,0.96,240
0.05457200000000007,0.794470791403825,1.1582239621584918,1.0762081407230164,588_fri_c4_1000_100.csv,5487.92,88.91,0.48,417
0.046877000000000064,0.794470791403825,1.1582239621584918,1.0762081407230164,588_fri_c4_1000_100.csv,9038.01,32.16,0.93,39
0.04915400000000003,0.794470791403825,1.1582239621584918,1.0762081407230164,588_fri_c4_1000_100.csv,1956.73,8.97,0.16,303
0.050647000000000005,0.794470791403825,1.1582239621584918,1.0762081407230164,588_fri_c4_1000_100.csv,4200.98,85.5,0.14,230
0.05129400000000006,0.794470791403825,1.1582239621584918,1.0762081407230164,588_fri_c4_1000_100.csv,7843.38,57.55,0.71,358
0.043678,0.794470791403825,1.1582239621584918,1.0762081407230164,588_fri_c4_1000_100.csv,4362.05,92.84,0.82,591
0.05393199999999998,0.794470791403825,1.1582239621584918,1.0762081407230164,588_fri_c4_1000_100.csv,1321.57,48.31,0.27,415
0.04839899999999997,0.794470791403825,1.1582239621584918,1.0762081407230164,588_fri_c4_1000_100.csv,1764.61,92.11,0.06,574
0.05014600000000002,0.794470791403825,1.1582239621584918,1.0762081407230164,588_fri_c4_1000_100.csv,111.6,54.33,0.63,85
0.04403600000000008,0.794470791403825,1.1582239621584918,1.0762081407230164,588_fri_c4_1000_100.csv,4516.87,13.77,0.73,655
0.044261,0.794470791403825,1.1582239621584918,1.0762081407230164,588_fri_c4_1000_100.csv,7536.28,16.73,0.41,600
0.047875,0.794470791403825,1.1582239621584918,1.0762081407230164,588_fri_c4_1000_100.csv,3007.96,83.0,0.72,37
0.056578000000000024,0.794470791403825,1.1582239621584918,1.0762081407230164,588_fri_c4_1000_100.csv,8462.34,16.04,0.7,541
0.03894199999999992,0.794470791403825,1.1582239621584918,1.0762081407230164,588_fri_c4_1000_100.csv,5958.27,62.27,0.09,995
0.0381189999999999,0.794470791403825,1.1582239621584918,1.0762081407230164,588_fri_c4_1000_100.csv,2359.71,19.55,0.02,707
0.01833000000000007,7.591999913454057,81.73119812676192,9.0405308542564,body_fat.csv,7835.71,58.48,0.32,997
0.018483999999999945,5.599868477152738,46.347666131388245,6.8079120243572655,body_fat.csv,5310.51,11.08,0.63,798
0.01988599999999996,7.591999913454057,81.73119812676192,9.0405308542564,body_fat.csv,7129.93,70.31,0.56,259
0.028263000000000038,7.591999913454057,81.73119812676192,9.0405308542564,body_fat.csv,9661.79,51.04,0.7,21
0.019263999999999948,7.591999913454057,81.73119812676192,9.0405308542564,body_fat.csv,5181.09,63.15,0.69,713
0.020915000000000017,7.591999913454057,81.73119812676192,9.0405308542564,body_fat.csv,5487.92,88.91,0.48,417
0.025379999999999958,7.591999913454057,81.73119812676192,9.0405308542564,body_fat.csv,232.15,75.81,0.96,240
0.02137499999999992,7.591999913454057,81.73119812676192,9.0405308542564,body_fat.csv,5069.42,72.71,0.68,38
0.021411999999999987,7.591999913454057,81.73119812676192,9.0405308542564,body_fat.csv,4200.98,85.5,0.14,230
0.01867899999999989,7.591999913454057,81.73119812676192,9.0405308542564,body_fat.csv,9038.01,32.16,0.93,39
0.025031999999999943,7.591999913454057,81.73119812676192,9.0405308542564,body_fat.csv,7843.38,57.55,0.71,358
0.025825999999999905,4.871703504827172,36.50801289963486,6.042186102697836,body_fat.csv,1956.73,8.97,0.16,303
0.020348000000000036,7.591999913454057,81.73119812676192,9.0405308542564,body_fat.csv,4362.05,92.84,0.82,591
0.020220000000000016,7.591999913454057,81.73119812676192,9.0405308542564,body_fat.csv,111.6,54.33,0.63,85
0.022444999999999937,7.591999913454057,81.73119812676192,9.0405308542564,body_fat.csv,1321.57,48.31,0.27,415
0.020917999999999992,7.591999913454057,81.73119812676192,9.0405308542564,body_fat.csv,1764.61,92.11,0.06,574
0.018001999999999962,7.591999913454057,81.73119812676192,9.0405308542564,body_fat.csv,3007.96,83.0,0.72,37
0.018201000000000026,7.108629354938768,71.56997191426719,8.459903776891741,body_fat.csv,7536.28,16.73,0.41,600
0.018450999999999995,6.499803413463226,60.766419103414925,7.795281848875955,body_fat.csv,4516.87,13.77,0.73,655
0.02759199999999995,6.996950651693816,69.37285315571229,8.329036748370862,body_fat.csv,8462.34,16.04,0.7,541
0.016660000000000008,7.567216265759892,81.19060966431609,9.010583203340177,body_fat.csv,2359.71,19.55,0.02,707
0.017364999999999964,7.591999913454057,81.73119812676192,9.0405308542564,body_fat.csv,5958.27,62.27,0.09,995
0.01809800000000006,3.6449999641006183,20.313266313897095,4.507024108421997,229_pwLinear.csv,6053.38,74.24,0.89,429
0.018805000000000068,3.6449999641006183,20.313266313897095,4.507024108421997,229_pwLinear.csv,8745.42,79.87,0.98,399
0.02027000000000001,3.6449999641006183,20.313266313897095,4.507024108421997,229_pwLinear.csv,6340.39,83.89,0.67,874
0.02706499999999989,3.6449999641006183,20.313266313897095,4.507024108421997,229_pwLinear.csv,7244.23,51.52,0.76,102
0.021619000000000055,3.6449999641006183,20.313266313897095,4.507024108421997,229_pwLinear.csv,8222.65,80.67,0.75,169
0.021761999999999948,3.6449999641006183,20.313266313897095,4.507024108421997,229_pwLinear.csv,4682.51,63.93,0.5,61
0.02687600000000001,3.6449999641006183,20.313266313897095,4.507024108421997,229_pwLinear.csv,6975.24,16.12,0.32,739
0.02825500000000003,3.6449999641006183,20.313266313897095,4.507024108421997,229_pwLinear.csv,6666.08,62.55,0.68,69
0.019737000000000005,3.6449999641006183,20.313266313897095,4.507024108421997,229_pwLinear.csv,9255.41,63.05,0.48,313
0.01892399999999994,3.6449999641006183,20.313266313897095,4.507024108421997,229_pwLinear.csv,7580.65,79.4,0.04,499
0.020212999999999925,3.6449999641006183,20.313266313897095,4.507024108421997,229_pwLinear.csv,5976.07,77.02,0.21,638
0.030429999999999964,3.6449999641006183,20.313266313897095,4.507024108421997,229_pwLinear.csv,2319.11,87.52,0.46,992
0.020598,3.6449999641006183,20.313266313897095,4.507024108421997,229_pwLinear.csv,8357.04,42.72,0.2,995
0.01944100000000004,3.6449999641006183,20.313266313897095,4.507024108421997,229_pwLinear.csv,5073.64,46.46,0.92,224
0.017754999999999962,3.6449999641006183,20.313266313897095,4.507024108421997,229_pwLinear.csv,8278.03,51.33,0.77,177
0.020776000000000017,3.6449999641006183,20.313266313897095,4.507024108421997,229_pwLinear.csv,7095.5,41.8,0.73,117
0.01955599999999991,3.6449999641006183,20.313266313897095,4.507024108421997,229_pwLinear.csv,6199.14,79.89,0.4,576
0.020621,1.622928689034525,4.449656581374372,2.1094209113816933,229_pwLinear.csv,6485.48,2.82,0.59,658
0.024058000000000024,3.6449999641006183,20.313266313897095,4.507024108421997,229_pwLinear.csv,4373.57,62.65,0.61,133
0.02192000000000005,3.6449999641006183,20.313266313897095,4.507024108421997,229_pwLinear.csv,9897.88,82.22,0.69,93
0.015227000000000103,3.6449999641006183,20.313266313897095,4.507024108421997,229_pwLinear.csv,6624.26,23.07,0.99,75
0.01957699999999996,0.5,0.25,0.5,tic_tac_toe.csv,8745.42,79.87,0.98,399
0.01977200000000001,0.5,0.25,0.5,tic_tac_toe.csv,6053.38,74.24,0.89,429
0.02615300000000009,0.5,0.25,0.5,tic_tac_toe.csv,7244.23,51.52,0.76,102
0.023645999999999837,0.5,0.25,0.5,tic_tac_toe.csv,6340.39,83.89,0.67,874
0.01787799999999995,0.5,0.25,0.5,tic_tac_toe.csv,6975.24,16.12,0.32,739
0.01849000000000001,0.5,0.25,0.5,tic_tac_toe.csv,4682.51,63.93,0.5,61
0.02757199999999993,0.5,0.25,0.5,tic_tac_toe.csv,8222.65,80.67,0.75,169
0.02874899999999992,0.5,0.25,0.5,tic_tac_toe.csv,6666.08,62.55,0.68,69
0.018252999999999964,0.5,0.25,0.5,tic_tac_toe.csv,9255.41,63.05,0.48,313
0.023327000000000098,0.5,0.25,0.5,tic_tac_toe.csv,5976.07,77.02,0.21,638
0.023824999999999985,0.5,0.25,0.5,tic_tac_toe.csv,7580.65,79.4,0.04,499
0.02485499999999985,0.5,0.25,0.5,tic_tac_toe.csv,2319.11,87.52,0.46,992
0.01973400000000014,0.5,0.25,0.5,tic_tac_toe.csv,7095.5,41.8,0.73,117
0.02261400000000013,0.5,0.25,0.5,tic_tac_toe.csv,8357.04,42.72,0.2,995
0.02457599999999993,0.5,0.25,0.5,tic_tac_toe.csv,8278.03,51.33,0.77,177
0.02944600000000008,0.5,0.25,0.5,tic_tac_toe.csv,5073.64,46.46,0.92,224
0.022380999999999984,0.5,0.25,0.5,tic_tac_toe.csv,9897.88,82.22,0.69,93
0.02365700000000004,0.5,0.25,0.5,tic_tac_toe.csv,4373.57,62.65,0.61,133
0.02414999999999989,0.5,0.25,0.5,tic_tac_toe.csv,6485.48,2.82,0.59,658
0.035618999999999845,0.5,0.25,0.5,tic_tac_toe.csv,6199.14,79.89,0.4,576
0.014506000000000132,0.5,0.25,0.5,tic_tac_toe.csv,6624.26,23.07,0.99,75
0.01790800000000004,0.5,0.25,0.5,analcatdata_cyyoung9302.csv,6340.39,83.89,0.67,874
0.02454000000000001,0.5,0.25,0.5,analcatdata_cyyoung9302.csv,7244.23,51.52,0.76,102
0.02466899999999983,0.5,0.25,0.5,analcatdata_cyyoung9302.csv,8745.42,79.87,0.98,399
0.023714000000000013,0.5,0.25,0.5,analcatdata_cyyoung9302.csv,6053.38,74.24,0.89,429
0.025185000000000013,0.5,0.25,0.5,analcatdata_cyyoung9302.csv,8222.65,80.67,0.75,169
0.0259339999999999,0.5,0.25,0.5,analcatdata_cyyoung9302.csv,6666.08,62.55,0.68,69
0.026457999999999867,0.5,0.25,0.5,analcatdata_cyyoung9302.csv,4682.51,63.93,0.5,61
0.03617599999999999,0.5,0.25,0.5,analcatdata_cyyoung9302.csv,6975.24,16.12,0.32,739
0.018365999999999882,0.5,0.25,0.5,analcatdata_cyyoung9302.csv,2319.11,87.52,0.46,992
0.020982000000000056,0.5,0.25,0.5,analcatdata_cyyoung9302.csv,5976.07,77.02,0.21,638
0.03251599999999999,0.5,0.25,0.5,analcatdata_cyyoung9302.csv,9255.41,63.05,0.48,313
0.036774000000000084,0.5,0.25,0.5,analcatdata_cyyoung9302.csv,7580.65,79.4,0.04,499
0.018200999999999908,0.5,0.25,0.5,analcatdata_cyyoung9302.csv,8278.03,51.33,0.77,177
0.021336000000000018,0.5,0.25,0.5,analcatdata_cyyoung9302.csv,8357.04,42.72,0.2,995
0.027216000000000132,0.5,0.25,0.5,analcatdata_cyyoung9302.csv,5073.64,46.46,0.92,224
0.02609299999999992,0.5,0.25,0.5,analcatdata_cyyoung9302.csv,7095.5,41.8,0.73,117
0.018595000000000028,0.5,0.25,0.5,analcatdata_cyyoung9302.csv,6199.14,79.89,0.4,576
0.021230000000000082,0.5,0.25,0.5,analcatdata_cyyoung9302.csv,9897.88,82.22,0.69,93
0.026024000000000047,0.5,0.25,0.5,analcatdata_cyyoung9302.csv,4373.57,62.65,0.61,133
0.03492300000000004,0.5,0.25,0.5,analcatdata_cyyoung9302.csv,6485.48,2.82,0.59,658
0.01681400000000011,0.5,0.25,0.5,analcatdata_cyyoung9302.csv,6624.26,23.07,0.99,75
0.031906999999999915,0.9690539345711758,0.9690539345711758,0.9844053710596952,allbp.csv,6053.38,74.24,0.89,429
0.033566000000000096,0.9690539345711758,0.9690539345711758,0.9844053710596952,allbp.csv,6340.39,83.89,0.67,874
0.030886999999999887,0.9690539345711758,0.9690539345711758,0.9844053710596952,allbp.csv,7244.23,51.52,0.76,102
0.04230400000000012,0.9690539345711758,0.9690539345711758,0.9844053710596952,allbp.csv,8745.42,79.87,0.98,399
0.03121099999999999,0.9690539345711758,0.9690539345711758,0.9844053710596952,allbp.csv,6975.24,16.12,0.32,739
0.028619999999999982,0.9690539345711758,0.9690539345711758,0.9844053710596952,allbp.csv,6666.08,62.55,0.68,69
0.04303900000000005,0.9690539345711758,0.9690539345711758,0.9844053710596952,allbp.csv,8222.65,80.67,0.75,169
0.039779000000000016,0.9690539345711758,0.9690539345711758,0.9844053710596952,allbp.csv,4682.51,63.93,0.5,61
0.028174000000000032,0.9690539345711758,0.9690539345711758,0.9844053710596952,allbp.csv,5976.07,77.02,0.21,638
0.033944999999999885,0.9690539345711758,0.9690539345711758,0.9844053710596952,allbp.csv,2319.11,87.52,0.46,992
0.03382200000000002,0.9690539345711758,0.9690539345711758,0.9844053710596952,allbp.csv,7580.65,79.4,0.04,499
0.03361999999999998,0.9690539345711758,0.9690539345711758,0.9844053710596952,allbp.csv,9255.41,63.05,0.48,313
0.03133800000000009,0.9690539345711758,0.9690539345711758,0.9844053710596952,allbp.csv,8278.03,51.33,0.77,177
0.0417869999999998,0.9690539345711758,0.9690539345711758,0.9844053710596952,allbp.csv,5073.64,46.46,0.92,224
0.041483000000000166,0.9690539345711758,0.9690539345711758,0.9844053710596952,allbp.csv,8357.04,42.72,0.2,995
0.05133799999999989,0.9690539345711758,0.9690539345711758,0.9844053710596952,allbp.csv,7095.5,41.8,0.73,117
0.039470000000000116,0.9690539345711758,0.9690539345711758,0.9844053710596952,allbp.csv,4373.57,62.65,0.61,133
0.046022000000000014,0.9690539345711758,0.9690539345711758,0.9844053710596952,allbp.csv,6199.14,79.89,0.4,576
0.042188000000000114,0.9690539345711758,0.9690539345711758,0.9844053710596952,allbp.csv,9897.88,82.22,0.69,93
0.04732599999999998,0.9690539345711758,0.9690539345711758,0.9844053710596952,allbp.csv,6485.48,2.82,0.59,658
0.02353000000000005,0.9690539345711758,0.9690539345711758,0.9844053710596952,allbp.csv,6624.26,23.07,0.99,75
0.055406999999999984,0.794470791403825,1.1582239621584918,1.0762081407230164,588_fri_c4_1000_100.csv,7244.23,51.52,0.76,102
0.04974599999999985,0.794470791403825,1.1582239621584918,1.0762081407230164,588_fri_c4_1000_100.csv,8745.42,79.87,0.98,399
0.049237999999999886,0.794470791403825,1.1582239621584918,1.0762081407230164,588_fri_c4_1000_100.csv,6340.39,83.89,0.67,874
0.05702699999999994,0.794470791403825,1.1582239621584918,1.0762081407230164,588_fri_c4_1000_100.csv,6053.38,74.24,0.89,429
0.050882000000000094,0.794470791403825,1.1582239621584918,1.0762081407230164,588_fri_c4_1000_100.csv,8222.65,80.67,0.75,169
0.05391999999999997,0.794470791403825,1.1582239621584918,1.0762081407230164,588_fri_c4_1000_100.csv,6666.08,62.55,0.68,69
0.06365200000000004,0.794470791403825,1.1582239621584918,1.0762081407230164,588_fri_c4_1000_100.csv,4682.51,63.93,0.5,61
0.06631599999999982,0.794470791403825,1.1582239621584918,1.0762081407230164,588_fri_c4_1000_100.csv,6975.24,16.12,0.32,739
0.05554100000000006,0.794470791403825,1.1582239621584918,1.0762081407230164,588_fri_c4_1000_100.csv,9255.41,63.05,0.48,313
0.05618200000000007,0.794470791403825,1.1582239621584918,1.0762081407230164,588_fri_c4_1000_100.csv,5976.07,77.02,0.21,638
0.051535000000000004,0.794470791403825,1.1582239621584918,1.0762081407230164,588_fri_c4_1000_100.csv,7580.65,79.4,0.04,499
0.05179800000000001,0.794470791403825,1.1582239621584918,1.0762081407230164,588_fri_c4_1000_100.csv,2319.11,87.52,0.46,992
0.04954599999999987,0.794470791403825,1.1582239621584918,1.0762081407230164,588_fri_c4_1000_100.csv,8278.03,51.33,0.77,177
0.05342700000000011,0.794470791403825,1.1582239621584918,1.0762081407230164,588_fri_c4_1000_100.csv,7095.5,41.8,0.73,117
0.0536359999999998,0.794470791403825,1.1582239621584918,1.0762081407230164,588_fri_c4_1000_100.csv,8357.04,42.72,0.2,995
0.0585150000000001,0.794470791403825,1.1582239621584918,1.0762081407230164,588_fri_c4_1000_100.csv,5073.64,46.46,0.92,224
0.05796599999999996,0.794470791403825,1.1582239621584918,1.0762081407230164,588_fri_c4_1000_100.csv,4373.57,62.65,0.61,133
0.055441999999999984,0.794470791403825,1.1582239621584918,1.0762081407230164,588_fri_c4_1000_100.csv,6199.14,79.89,0.4,576
0.06326100000000001,0.794470791403825,1.1582239621584918,1.0762081407230164,588_fri_c4_1000_100.csv,9897.88,82.22,0.69,93
0.06238299999999985,0.7889509080718365,1.1421648314515,1.0687211195870978,588_fri_c4_1000_100.csv,6485.48,2.82,0.59,658
0.03605000000000014,0.794470791403825,1.1582239621584918,1.0762081407230164,588_fri_c4_1000_100.csv,6624.26,23.07,0.99,75
0.02817499999999995,7.591999913454057,81.73119812676192,9.0405308542564,body_fat.csv,8745.42,79.87,0.98,399
0.03650999999999993,7.591999913454057,81.73119812676192,9.0405308542564,body_fat.csv,6340.39,83.89,0.67,874
0.033927999999999965,7.591999913454057,81.73119812676192,9.0405308542564,body_fat.csv,7244.23,51.52,0.76,102
0.033686000000000105,7.591999913454057,81.73119812676192,9.0405308542564,body_fat.csv,6053.38,74.24,0.89,429
0.022135000000000016,7.591999913454057,81.73119812676192,9.0405308542564,body_fat.csv,6666.08,62.55,0.68,69
0.02469699999999997,7.009898907142506,69.6244307741919,8.344125524834336,body_fat.csv,6975.24,16.12,0.32,739
0.024778999999999884,7.591999913454057,81.73119812676192,9.0405308542564,body_fat.csv,4682.51,63.93,0.5,61
0.027384000000000075,7.591999913454057,81.73119812676192,9.0405308542564,body_fat.csv,8222.65,80.67,0.75,169
0.02246400000000004,7.591999913454057,81.73119812676192,9.0405308542564,body_fat.csv,9255.41,63.05,0.48,313
0.02040799999999998,7.591999913454057,81.73119812676192,9.0405308542564,body_fat.csv,5976.07,77.02,0.21,638
0.02098299999999997,7.591999913454057,81.73119812676192,9.0405308542564,body_fat.csv,7580.65,79.4,0.04,499
0.022604999999999983,7.591999913454057,81.73119812676192,9.0405308542564,body_fat.csv,2319.11,87.52,0.46,992
0.021618000000000137,7.591999913454057,81.73119812676192,9.0405308542564,body_fat.csv,5073.64,46.46,0.92,224
0.025409999999999933,7.591999913454057,81.73119812676192,9.0405308542564,body_fat.csv,8357.04,42.72,0.2,995
0.02921299999999993,7.591999913454057,81.73119812676192,9.0405308542564,body_fat.csv,7095.5,41.8,0.73,117
0.03170200000000012,7.591999913454057,81.73119812676192,9.0405308542564,body_fat.csv,8278.03,51.33,0.77,177
0.02949599999999997,7.591999913454057,81.73119812676192,9.0405308542564,body_fat.csv,6199.14,79.89,0.4,576
0.03271599999999997,2.367829599244786,12.340965094375385,3.5129709782996192,body_fat.csv,6485.48,2.82,0.59,658
0.03205300000000011,7.591999913454057,81.73119812676192,9.0405308542564,body_fat.csv,4373.57,62.65,0.61,133
0.03763899999999998,7.591999913454057,81.73119812676192,9.0405308542564,body_fat.csv,9897.88,82.22,0.69,93
0.025796000000000152,7.591999913454057,81.73119812676192,9.0405308542564,body_fat.csv,6624.26,23.07,0.99,75
0.022256000000000054,0.8188977015018463,1.1916963420193736,1.091648451663526,658_fri_c3_250_25.csv,7244.23,51.52,0.76,102
0.019735000000000055,0.8188977015018463,1.1916963420193736,1.091648451663526,658_fri_c3_250_25.csv,6053.38,74.24,0.89,429
0.023044999999999986,0.8188977015018463,1.1916963420193736,1.091648451663526,658_fri_c3_250_25.csv,8745.42,79.87,0.98,399
0.02679000000000009,0.8188977015018463,1.1916963420193736,1.091648451663526,658_fri_c3_250_25.csv,6340.39,83.89,0.67,874
0.02801600000000004,0.8188977015018463,1.1916963420193736,1.091648451663526,658_fri_c3_250_25.csv,6666.08,62.55,0.68,69
0.026227000000000108,0.8188977015018463,1.1916963420193736,1.091648451663526,658_fri_c3_250_25.csv,8222.65,80.67,0.75,169
0.024441999999999964,0.8188977015018463,1.1916963420193736,1.091648451663526,658_fri_c3_250_25.csv,4682.51,63.93,0.5,61
0.028161999999999913,0.8188977015018463,1.1916963420193736,1.091648451663526,658_fri_c3_250_25.csv,6975.24,16.12,0.32,739
0.019892000000000017,0.8188977015018463,1.1916963420193736,1.091648451663526,658_fri_c3_250_25.csv,2319.11,87.52,0.46,992
0.021050000000000013,0.8188977015018463,1.1916963420193736,1.091648451663526,658_fri_c3_250_25.csv,9255.41,63.05,0.48,313
0.027864,0.8188977015018463,1.1916963420193736,1.091648451663526,658_fri_c3_250_25.csv,5976.07,77.02,0.21,638
0.02656199999999997,0.8188977015018463,1.1916963420193736,1.091648451663526,658_fri_c3_250_25.csv,7580.65,79.4,0.04,499
0.022398000000000032,0.8188977015018463,1.1916963420193736,1.091648451663526,658_fri_c3_250_25.csv,8357.04,42.72,0.2,995
0.022677999999999976,0.8188977015018463,1.1916963420193736,1.091648451663526,658_fri_c3_250_25.csv,5073.64,46.46,0.92,224
0.02673899999999996,0.8188977015018463,1.1916963420193736,1.091648451663526,658_fri_c3_250_25.csv,7095.5,41.8,0.73,117
0.029259999999999956,0.8188977015018463,1.1916963420193736,1.091648451663526,658_fri_c3_250_25.csv,8278.03,51.33,0.77,177
0.020264999999999974,0.8188977015018463,1.1916963420193736,1.091648451663526,658_fri_c3_250_25.csv,6485.48,2.82,0.59,658
0.019318000000000057,0.8188977015018463,1.1916963420193736,1.091648451663526,658_fri_c3_250_25.csv,6199.14,79.89,0.4,576
0.02289399999999997,0.8188977015018463,1.1916963420193736,1.091648451663526,658_fri_c3_250_25.csv,9897.88,82.22,0.69,93
0.02858400000000005,0.8188977015018463,1.1916963420193736,1.091648451663526,658_fri_c3_250_25.csv,4373.57,62.65,0.61,133
0.016608000000000178,0.8188977015018463,1.1916963420193736,1.091648451663526,658_fri_c3_250_25.csv,6624.26,23.07,0.99,75
0.017571999999999918,0.5,0.25,0.5,prnn_crabs.csv,6053.38,74.24,0.89,429
0.020954000000000028,0.5,0.25,0.5,prnn_crabs.csv,7244.23,51.52,0.76,102
0.01897699999999991,0.5,0.25,0.5,prnn_crabs.csv,6340.39,83.89,0.67,874
0.023399999999999976,0.5,0.25,0.5,prnn_crabs.csv,8745.42,79.87,0.98,399
0.017135999999999933,0.5,0.25,0.5,prnn_crabs.csv,4682.51,63.93,0.5,61
0.017383000000000037,0.5,0.25,0.5,prnn_crabs.csv,6666.08,62.55,0.68,69
0.01979500000000001,0.5,0.25,0.5,prnn_crabs.csv,6975.24,16.12,0.32,739
0.02221099999999998,0.5,0.25,0.5,prnn_crabs.csv,8222.65,80.67,0.75,169
0.017846000000000032,0.5,0.25,0.5,prnn_crabs.csv,5976.07,77.02,0.21,638
0.01995800000000003,0.5,0.25,0.5,prnn_crabs.csv,7580.65,79.4,0.04,499
0.02441399999999994,0.5,0.25,0.5,prnn_crabs.csv,9255.41,63.05,0.48,313
0.023665000000000047,0.5,0.25,0.5,prnn_crabs.csv,2319.11,87.52,0.46,992
0.025090000000000057,0.5,0.25,0.5,prnn_crabs.csv,8357.04,42.72,0.2,995
0.021526999999999963,0.5,0.25,0.5,prnn_crabs.csv,7095.5,41.8,0.73,117
0.0225479999999999,0.5,0.25,0.5,prnn_crabs.csv,5073.64,46.46,0.92,224
0.0230039999999998,0.5,0.25,0.5,prnn_crabs.csv,8278.03,51.33,0.77,177
0.020409000000000118,0.5,0.25,0.5,prnn_crabs.csv,6485.48,2.82,0.59,658
0.020693000000000072,0.5,0.25,0.5,prnn_crabs.csv,6199.14,79.89,0.4,576
0.02036199999999999,0.5,0.25,0.5,prnn_crabs.csv,9897.88,82.22,0.69,93
0.022010000000000085,0.5,0.25,0.5,prnn_crabs.csv,4373.57,62.65,0.61,133
0.016129999999999978,0.5,0.25,0.5,prnn_crabs.csv,6624.26,23.07,0.99,75
0.042098999999999887,7.314153421874219,75.19093021538231,8.671270392242553,503_wind.csv,8745.42,79.87,0.98,399
0.04349500000000006,7.314153421874219,75.19093021538231,8.671270392242553,503_wind.csv,7244.23,51.52,0.76,102
0.036260999999999884,7.314153421874219,75.19093021538231,8.671270392242553,503_wind.csv,6340.39,83.89,0.67,874
0.04035299999999986,7.314153421874219,75.19093021538231,8.671270392242553,503_wind.csv,6053.38,74.24,0.89,429
0.03650399999999998,7.314153421874219,75.19093021538231,8.671270392242553,503_wind.csv,8222.65,80.67,0.75,169
0.037774000000000085,7.314153421874219,75.19093021538235,8.671270392242555,503_wind.csv,4682.51,63.93,0.5,61
0.04543200000000003,6.40806501966225,58.43753957019587,7.644445013877454,503_wind.csv,6975.24,16.12,0.32,739
0.040416999999999925,7.314153421874219,75.19093021538231,8.671270392242553,503_wind.csv,6666.08,62.55,0.68,69
0.03620599999999996,7.314153421874219,75.19093021538231,8.671270392242553,503_wind.csv,5976.07,77.02,0.21,638
0.04651399999999994,7.314153421874219,75.19093021538231,8.671270392242553,503_wind.csv,9255.41,63.05,0.48,313
0.041768000000000034,7.314153421874219,75.19093021538231,8.671270392242553,503_wind.csv,7580.65,79.4,0.04,499
0.05296900000000005,7.314153421874219,75.19093021538231,8.671270392242553,503_wind.csv,2319.11,87.52,0.46,992
0.03422400000000003,7.314153421874219,75.19093021538231,8.671270392242553,503_wind.csv,5073.64,46.46,0.92,224
0.04121399999999986,7.314153421874219,75.19093021538231,8.671270392242553,503_wind.csv,7095.5,41.8,0.73,117
0.048801000000000094,7.314153421874219,75.19093021538231,8.671270392242553,503_wind.csv,8278.03,51.33,0.77,177
0.04658699999999994,7.314153421874219,75.19093021538231,8.671270392242553,503_wind.csv,8357.04,42.72,0.2,995
0.03251599999999999,7.314153421874219,75.19093021538231,8.671270392242553,503_wind.csv,9897.88,82.22,0.69,93
0.04155099999999989,7.314153421874219,75.19093021538231,8.671270392242553,503_wind.csv,6199.14,79.89,0.4,576
0.04453700000000005,7.314153421874219,75.19093021538231,8.671270392242553,503_wind.csv,4373.57,62.65,0.61,133
0.31203800000000004,5.056014971338368,38.98929734003885,6.244141041011073,503_wind.csv,6485.48,2.82,0.59,658
0.02794700000000017,7.314153421874219,75.19093021538231,8.671270392242553,503_wind.csv,6624.26,23.07,0.99,75
0.04434300000000002,0.5,0.25,0.5,Hill_Valley_with_noise.csv,6053.38,74.24,0.89,429
0.04317699999999991,0.5,0.25,0.5,Hill_Valley_with_noise.csv,8745.42,79.87,0.98,399
0.047069999999999945,0.5,0.25,0.5,Hill_Valley_with_noise.csv,7244.23,51.52,0.76,102
0.04386100000000015,0.5,0.25,0.5,Hill_Valley_with_noise.csv,6340.39,83.89,0.67,874
0.04062999999999994,0.5,0.25,0.5,Hill_Valley_with_noise.csv,4682.51,63.93,0.5,61
0.04954999999999998,0.5,0.25,0.5,Hill_Valley_with_noise.csv,8222.65,80.67,0.75,169
0.04458600000000002,0.5,0.25,0.5,Hill_Valley_with_noise.csv,6666.08,62.55,0.68,69
0.05033299999999996,0.5,0.25,0.5,Hill_Valley_with_noise.csv,6975.24,16.12,0.32,739
0.05159200000000008,0.5,0.25,0.5,Hill_Valley_with_noise.csv,2319.11,87.52,0.46,992
0.04647500000000005,0.5,0.25,0.5,Hill_Valley_with_noise.csv,5976.07,77.02,0.21,638
0.05827899999999998,0.5,0.25,0.5,Hill_Valley_with_noise.csv,7580.65,79.4,0.04,499
0.04961700000000002,0.5,0.25,0.5,Hill_Valley_with_noise.csv,9255.41,63.05,0.48,313
0.04092499999999999,0.5,0.25,0.5,Hill_Valley_with_noise.csv,5073.64,46.46,0.92,224
0.04137400000000002,0.5,0.25,0.5,Hill_Valley_with_noise.csv,7095.5,41.8,0.73,117
0.03996299999999997,0.5,0.25,0.5,Hill_Valley_with_noise.csv,8357.04,42.72,0.2,995
0.06367500000000004,0.5,0.25,0.5,Hill_Valley_with_noise.csv,8278.03,51.33,0.77,177
0.03898200000000007,0.5,0.25,0.5,Hill_Valley_with_noise.csv,4373.57,62.65,0.61,133
0.036949999999999934,0.5,0.25,0.5,Hill_Valley_with_noise.csv,9897.88,82.22,0.69,93
0.042424999999999935,0.5,0.25,0.5,Hill_Valley_with_noise.csv,6199.14,79.89,0.4,576
0.05186799999999992,0.5,0.25,0.5,Hill_Valley_with_noise.csv,6485.48,2.82,0.59,658
0.03931600000000013,0.5,0.25,0.5,Hill_Valley_with_noise.csv,6624.26,23.07,0.99,75
0.020417999999999936,3.6449999641006183,20.313266313897095,4.507024108421997,229_pwLinear.csv,7268.49,67.45,0.44,954
0.01915899999999993,3.6449999641006183,20.313266313897095,4.507024108421997,229_pwLinear.csv,7286.46,74.05,0.46,359
0.022382000000000013,3.6449999641006183,20.313266313897095,4.507024108421997,229_pwLinear.csv,4926.42,60.98,0.41,256
0.022838000000000025,3.6449999641006183,20.313266313897095,4.507024108421997,229_pwLinear.csv,8318.7,65.96,0.28,967
0.01892499999999997,3.6449999641006183,20.313266313897095,4.507024108421997,229_pwLinear.csv,5996.45,33.81,0.38,941
0.01969299999999996,3.6449999641006183,20.313266313897095,4.507024108421997,229_pwLinear.csv,7969.78,59.67,0.52,74
0.020770999999999984,3.6449999641006183,20.313266313897095,4.507024108421997,229_pwLinear.csv,9111.0,46.61,0.65,95
0.03058100000000008,3.6449999641006183,20.313266313897095,4.507024108421997,229_pwLinear.csv,4852.66,62.9,0.6,42
0.019688000000000042,3.6449999641006183,20.313266313897095,4.507024108421997,229_pwLinear.csv,7769.99,72.93,0.54,15
0.021193000000000014,3.6449999641006183,20.313266313897095,4.507024108421997,229_pwLinear.csv,6977.06,53.78,0.41,140
0.021641000000000018,3.6449999641006183,20.313266313897095,4.507024108421997,229_pwLinear.csv,4981.75,68.47,0.62,8
0.031017999999999987,3.6449999641006183,20.313266313897095,4.507024108421997,229_pwLinear.csv,9088.75,41.68,0.61,239
0.020769999999999955,3.6449999641006183,20.313266313897095,4.507024108421997,229_pwLinear.csv,4936.5,44.24,0.62,22
0.024179999999999983,3.6449999641006183,20.313266313897095,4.507024108421997,229_pwLinear.csv,5193.84,65.14,0.38,126
0.031729000000000014,3.6449999641006183,20.313266313897095,4.507024108421997,229_pwLinear.csv,5315.5,71.09,0.63,312
0.035052999999999994,3.6449999641006183,20.313266313897095,4.507024108421997,229_pwLinear.csv,9160.03,36.79,0.8,105
0.017892999999999937,3.6449999641006183,20.313266313897095,4.507024108421997,229_pwLinear.csv,8755.53,48.94,0.82,215
0.01906399999999997,3.6449999641006183,20.313266313897095,4.507024108421997,229_pwLinear.csv,6905.66,50.26,0.65,75
0.03438300000000005,3.6449999641006183,20.313266313897095,4.507024108421997,229_pwLinear.csv,9471.72,40.64,0.6,105
0.03409200000000001,3.6449999641006183,20.313266313897095,4.507024108421997,229_pwLinear.csv,9673.87,61.65,0.17,947
0.019536,3.6449999641006183,20.313266313897095,4.507024108421997,229_pwLinear.csv,4135.74,58.46,0.31,41
0.02575800000000017,7.591999913454057,81.73119812676192,9.0405308542564,body_fat.csv,4926.42,60.98,0.41,256
0.028132000000000046,7.591999913454057,81.73119812676192,9.0405308542564,body_fat.csv,7286.46,74.05,0.46,359
0.020785999999999968,7.591999913454057,81.73119812676192,9.0405308542564,body_fat.csv,8318.7,65.96,0.28,967
0.024762000000000173,7.591999913454057,81.73119812676192,9.0405308542564,body_fat.csv,7268.49,67.45,0.44,954
0.018734999999999943,7.591999913454057,81.73119812676192,9.0405308542564,body_fat.csv,4852.66,62.9,0.6,42
0.023531999999999886,7.591999913454057,81.73119812676192,9.0405308542564,body_fat.csv,7969.78,59.67,0.52,74
0.02519400000000016,7.591999913454057,81.73119812676192,9.0405308542564,body_fat.csv,5996.45,33.81,0.38,941
0.02465300000000004,7.591999913454057,81.73119812676192,9.0405308542564,body_fat.csv,9111.0,46.61,0.65,95
0.018917000000000076,7.591999913454057,81.73119812676192,9.0405308542564,body_fat.csv,6977.06,53.78,0.41,140
0.020047000000000148,7.591999913454057,81.73119812676192,9.0405308542564,body_fat.csv,9088.75,41.68,0.61,239
0.027681999999999984,7.591999913454057,81.73119812676192,9.0405308542564,body_fat.csv,4981.75,68.47,0.62,8
0.025100999999999814,7.591999913454057,81.73119812676192,9.0405308542564,body_fat.csv,7769.99,72.93,0.54,15
0.020550000000000068,7.591999913454057,81.73119812676192,9.0405308542564,body_fat.csv,5315.5,71.09,0.63,312
0.018377000000000088,7.591999913454057,81.73119812676192,9.0405308542564,body_fat.csv,4936.5,44.24,0.62,22
0.024732000000000087,7.591999913454057,81.73119812676192,9.0405308542564,body_fat.csv,9160.03,36.79,0.8,105
0.025378000000000126,7.591999913454057,81.73119812676192,9.0405308542564,body_fat.csv,5193.84,65.14,0.38,126
0.0186329999999999,7.591999913454057,81.73119812676192,9.0405308542564,body_fat.csv,8755.53,48.94,0.82,215
0.026812000000000055,7.591999913454057,81.73119812676192,9.0405308542564,body_fat.csv,6905.66,50.26,0.65,75
0.025115000000000002,7.591999913454057,81.73119812676192,9.0405308542564,body_fat.csv,9471.72,40.64,0.6,105
0.023427000000000087,7.591999913454057,81.73119812676192,9.0405308542564,body_fat.csv,9673.87,61.65,0.17,947
0.014672999999999938,7.591999913454057,81.73119812676192,9.0405308542564,body_fat.csv,4135.74,58.46,0.31,41
0.029740999999999906,0.9690539345711758,0.9690539345711758,0.9844053710596952,allbp.csv,7286.46,74.05,0.46,359
0.03523999999999994,0.9690539345711758,0.9690539345711758,0.9844053710596952,allbp.csv,4926.42,60.98,0.41,256
0.03665399999999997,0.9690539345711758,0.9690539345711758,0.9844053710596952,allbp.csv,7268.49,67.45,0.44,954
0.05317399999999983,0.9690539345711758,0.9690539345711758,0.9844053710596952,allbp.csv,8318.7,65.96,0.28,967
0.03424500000000008,0.9690539345711758,0.9690539345711758,0.9844053710596952,allbp.csv,5996.45,33.81,0.38,941
0.03583500000000006,0.9690539345711758,0.9690539345711758,0.9844053710596952,allbp.csv,7969.78,59.67,0.52,74
0.031757000000000035,0.9690539345711758,0.9690539345711758,0.9844053710596952,allbp.csv,4852.66,62.9,0.6,42
0.0350149999999998,0.9690539345711758,0.9690539345711758,0.9844053710596952,allbp.csv,9111.0,46.61,0.65,95
0.028651000000000093,0.9690539345711758,0.9690539345711758,0.9844053710596952,allbp.csv,4981.75,68.47,0.62,8
0.03523300000000007,0.9690539345711758,0.9690539345711758,0.9844053710596952,allbp.csv,7769.99,72.93,0.54,15
0.03852700000000009,0.9690539345711758,0.9690539345711758,0.9844053710596952,allbp.csv,9088.75,41.68,0.61,239
0.042279999999999866,0.9690539345711758,0.9690539345711758,0.9844053710596952,allbp.csv,6977.06,53.78,0.41,140
0.03142899999999993,0.9690539345711758,0.9690539345711758,0.9844053710596952,allbp.csv,4936.5,44.24,0.62,22
0.03801699999999997,0.9690539345711758,0.9690539345711758,0.9844053710596952,allbp.csv,5193.84,65.14,0.38,126
0.03344199999999997,0.9690539345711758,0.9690539345711758,0.9844053710596952,allbp.csv,5315.5,71.09,0.63,312
0.03948799999999997,0.9690539345711758,0.9690539345711758,0.9844053710596952,allbp.csv,9160.03,36.79,0.8,105
0.03340600000000005,0.9690539345711758,0.9690539345711758,0.9844053710596952,allbp.csv,8755.53,48.94,0.82,215
0.034766000000000075,0.9690539345711758,0.9690539345711758,0.9844053710596952,allbp.csv,6905.66,50.26,0.65,75
0.03366700000000012,0.9690539345711758,0.9690539345711758,0.9844053710596952,allbp.csv,9471.72,40.64,0.6,105
0.040364999999999984,0.9690539345711758,0.9690539345711758,0.9844053710596952,allbp.csv,9673.87,61.65,0.17,947
0.028239000000000125,0.9690539345711758,0.9690539345711758,0.9844053710596952,allbp.csv,4135.74,58.46,0.31,41
0.02033700000000005,0.8188977015018463,1.1916963420193736,1.091648451663526,658_fri_c3_250_25.csv,7286.46,74.05,0.46,359
0.02387900000000009,0.8188977015018463,1.1916963420193736,1.091648451663526,658_fri_c3_250_25.csv,4926.42,60.98,0.41,256
0.028711000000000157,0.8188977015018463,1.1916963420193736,1.091648451663526,658_fri_c3_250_25.csv,7268.49,67.45,0.44,954
0.031577999999999884,0.8188977015018463,1.1916963420193736,1.091648451663526,658_fri_c3_250_25.csv,8318.7,65.96,0.28,967
0.01987899999999998,0.8188977015018463,1.1916963420193736,1.091648451663526,658_fri_c3_250_25.csv,5996.45,33.81,0.38,941
0.023495000000000044,0.8188977015018463,1.1916963420193736,1.091648451663526,658_fri_c3_250_25.csv,9111.0,46.61,0.65,95
0.02977300000000005,0.8188977015018463,1.1916963420193736,1.091648451663526,658_fri_c3_250_25.csv,7969.78,59.67,0.52,74
0.039862000000000064,0.8188977015018463,1.1916963420193736,1.091648451663526,658_fri_c3_250_25.csv,4852.66,62.9,0.6,42
0.027643000000000084,0.8188977015018463,1.1916963420193736,1.091648451663526,658_fri_c3_250_25.csv,7769.99,72.93,0.54,15
0.027489000000000097,0.8188977015018463,1.1916963420193736,1.091648451663526,658_fri_c3_250_25.csv,9088.75,41.68,0.61,239
0.028166000000000132,0.8188977015018463,1.1916963420193736,1.091648451663526,658_fri_c3_250_25.csv,6977.06,53.78,0.41,140
0.030467000000000025,0.8188977015018463,1.1916963420193736,1.091648451663526,658_fri_c3_250_25.csv,4981.75,68.47,0.62,8
0.027079999999999996,0.8188977015018463,1.1916963420193736,1.091648451663526,658_fri_c3_250_25.csv,5315.5,71.09,0.63,312
0.02692000000000005,0.8188977015018463,1.1916963420193736,1.091648451663526,658_fri_c3_250_25.csv,9160.03,36.79,0.8,105
0.02631600000000001,0.8188977015018463,1.1916963420193736,1.091648451663526,658_fri_c3_250_25.csv,4936.5,44.24,0.62,22
0.029127999999999817,0.8188977015018463,1.1916963420193736,1.091648451663526,658_fri_c3_250_25.csv,5193.84,65.14,0.38,126
0.02050699999999983,0.8188977015018463,1.1916963420193736,1.091648451663526,658_fri_c3_250_25.csv,9471.72,40.64,0.6,105
0.026373999999999898,0.8188977015018463,1.1916963420193736,1.091648451663526,658_fri_c3_250_25.csv,9673.87,61.65,0.17,947
0.023017999999999983,0.8188977015018463,1.1916963420193736,1.091648451663526,658_fri_c3_250_25.csv,8755.53,48.94,0.82,215
0.030817000000000094,0.8188977015018463,1.1916963420193736,1.091648451663526,658_fri_c3_250_25.csv,6905.66,50.26,0.65,75
0.018686999999999898,0.8188977015018463,1.1916963420193736,1.091648451663526,658_fri_c3_250_25.csv,4135.74,58.46,0.31,41
0.04344900000000007,0.5,0.25,0.5,Hill_Valley_with_noise.csv,8318.7,65.96,0.28,967
0.04669900000000005,0.5,0.25,0.5,Hill_Valley_with_noise.csv,7286.46,74.05,0.46,359
0.042649999999999855,0.5,0.25,0.5,Hill_Valley_with_noise.csv,4926.42,60.98,0.41,256
0.05230900000000016,0.5,0.25,0.5,Hill_Valley_with_noise.csv,7268.49,67.45,0.44,954
0.047264999999999995,0.5,0.25,0.5,Hill_Valley_with_noise.csv,4852.66,62.9,0.6,42
0.05208400000000002,0.5,0.25,0.5,Hill_Valley_with_noise.csv,7969.78,59.67,0.52,74
0.04733599999999994,0.5,0.25,0.5,Hill_Valley_with_noise.csv,5996.45,33.81,0.38,941
0.05177199999999993,0.5,0.25,0.5,Hill_Valley_with_noise.csv,9111.0,46.61,0.65,95
0.04449499999999995,0.5,0.25,0.5,Hill_Valley_with_noise.csv,6977.06,53.78,0.41,140
0.042527000000000086,0.5,0.25,0.5,Hill_Valley_with_noise.csv,4981.75,68.47,0.62,8
0.049628000000000005,0.5,0.25,0.5,Hill_Valley_with_noise.csv,9088.75,41.68,0.61,239
0.05168899999999999,0.5,0.25,0.5,Hill_Valley_with_noise.csv,7769.99,72.93,0.54,15
0.04044999999999999,0.5,0.25,0.5,Hill_Valley_with_noise.csv,5315.5,71.09,0.63,312
0.03935299999999997,0.5,0.25,0.5,Hill_Valley_with_noise.csv,4936.5,44.24,0.62,22
0.04544500000000007,0.5,0.25,0.5,Hill_Valley_with_noise.csv,9160.03,36.79,0.8,105
0.04708099999999993,0.5,0.25,0.5,Hill_Valley_with_noise.csv,5193.84,65.14,0.38,126
0.039583000000000035,0.5,0.25,0.5,Hill_Valley_with_noise.csv,6905.66,50.26,0.65,75
0.04188999999999998,0.5,0.25,0.5,Hill_Valley_with_noise.csv,9673.87,61.65,0.17,947
0.044573000000000085,0.5,0.25,0.5,Hill_Valley_with_noise.csv,9471.72,40.64,0.6,105
0.04950200000000005,0.5,0.25,0.5,Hill_Valley_with_noise.csv,8755.53,48.94,0.82,215
0.031423999999999896,0.5,0.25,0.5,Hill_Valley_with_noise.csv,4135.74,58.46,0.31,41
0.01770000000000005,0.5,0.25,0.5,tic_tac_toe.csv,8318.7,65.96,0.28,967
0.01898,0.5,0.25,0.5,tic_tac_toe.csv,7268.49,67.45,0.44,954
0.02066499999999993,0.5,0.25,0.5,tic_tac_toe.csv,4926.42,60.98,0.41,256
0.019444000000000017,0.5,0.25,0.5,tic_tac_toe.csv,7286.46,74.05,0.46,359
0.016956000000000082,0.5,0.25,0.5,tic_tac_toe.csv,7969.78,59.67,0.52,74
0.01659300000000008,0.5,0.25,0.5,tic_tac_toe.csv,9111.0,46.61,0.65,95
0.01902999999999999,0.5,0.25,0.5,tic_tac_toe.csv,5996.45,33.81,0.38,941
0.01908100000000001,0.5,0.25,0.5,tic_tac_toe.csv,4852.66,62.9,0.6,42
0.020499999999999963,0.5,0.25,0.5,tic_tac_toe.csv,9088.75,41.68,0.61,239
0.01909800000000006,0.5,0.25,0.5,tic_tac_toe.csv,4981.75,68.47,0.62,8
0.022874999999999982,0.5,0.25,0.5,tic_tac_toe.csv,7769.99,72.93,0.54,15
0.02816300000000005,0.5,0.25,0.5,tic_tac_toe.csv,6977.06,53.78,0.41,140
0.01978999999999997,0.5,0.25,0.5,tic_tac_toe.csv,5315.5,71.09,0.63,312
0.019074999999999957,0.5,0.25,0.5,tic_tac_toe.csv,5193.84,65.14,0.38,126
0.02147600000000005,0.5,0.25,0.5,tic_tac_toe.csv,4936.5,44.24,0.62,22
0.023945999999999912,0.5,0.25,0.5,tic_tac_toe.csv,9160.03,36.79,0.8,105
0.019556000000000014,0.5,0.25,0.5,tic_tac_toe.csv,8755.53,48.94,0.82,215
0.020483999999999947,0.5,0.25,0.5,tic_tac_toe.csv,9471.72,40.64,0.6,105
0.019143000000000018,0.5,0.25,0.5,tic_tac_toe.csv,6905.66,50.26,0.65,75
0.03746099999999997,0.5,0.25,0.5,tic_tac_toe.csv,9673.87,61.65,0.17,947
0.01653299999999991,0.5,0.25,0.5,tic_tac_toe.csv,4135.74,58.46,0.31,41
0.028084,0.5,0.25,0.5,prnn_crabs.csv,7268.49,67.45,0.44,954
0.02031100000000019,0.5,0.25,0.5,prnn_crabs.csv,7286.46,74.05,0.46,359
0.023868999999999918,0.5,0.25,0.5,prnn_crabs.csv,4926.42,60.98,0.41,256
0.033555,0.5,0.25,0.5,prnn_crabs.csv,8318.7,65.96,0.28,967
0.019498000000000012,0.5,0.25,0.5,prnn_crabs.csv,5996.45,33.81,0.38,941
0.01858899999999997,0.5,0.25,0.5,prnn_crabs.csv,7969.78,59.67,0.52,74
0.024753999999999943,0.5,0.25,0.5,prnn_crabs.csv,4852.66,62.9,0.6,42
0.021270999999999814,0.5,0.25,0.5,prnn_crabs.csv,9111.0,46.61,0.65,95
0.019599000000000037,0.5,0.25,0.5,prnn_crabs.csv,4981.75,68.47,0.62,8
0.021696999999999852,0.5,0.25,0.5,prnn_crabs.csv,7769.99,72.93,0.54,15
0.023457999999999982,0.5,0.25,0.5,prnn_crabs.csv,6977.06,53.78,0.41,140
0.031228000000000037,0.5,0.25,0.5,prnn_crabs.csv,9088.75,41.68,0.61,239
0.02749899999999994,0.5,0.25,0.5,prnn_crabs.csv,9160.03,36.79,0.8,105
0.0184939999999999,0.5,0.25,0.5,prnn_crabs.csv,4936.5,44.24,0.62,22
0.023073000000000118,0.5,0.25,0.5,prnn_crabs.csv,5193.84,65.14,0.38,126
0.023522000000000043,0.5,0.25,0.5,prnn_crabs.csv,5315.5,71.09,0.63,312
0.019677999999999973,0.5,0.25,0.5,prnn_crabs.csv,9471.72,40.64,0.6,105
0.01988899999999993,0.5,0.25,0.5,prnn_crabs.csv,8755.53,48.94,0.82,215
0.028599000000000038,0.5,0.25,0.5,prnn_crabs.csv,6905.66,50.26,0.65,75
0.028834999999999944,0.5,0.25,0.5,prnn_crabs.csv,9673.87,61.65,0.17,947
0.016504999999999992,0.5,0.25,0.5,prnn_crabs.csv,4135.74,58.46,0.31,41
0.038271000000000055,7.314153421874219,75.19093021538231,8.671270392242553,503_wind.csv,7268.49,67.45,0.44,954
0.03385399999999994,7.314153421874219,75.19093021538231,8.671270392242553,503_wind.csv,4926.42,60.98,0.41,256
0.03979100000000002,7.314153421874219,75.19093021538231,8.671270392242553,503_wind.csv,7286.46,74.05,0.46,359
0.03743700000000005,7.314153421874219,75.19093021538231,8.671270392242553,503_wind.csv,8318.7,65.96,0.28,967
0.032020999999999966,7.314153421874219,75.19093021538231,8.671270392242553,503_wind.csv,9111.0,46.61,0.65,95
0.03242800000000001,7.314153421874219,75.19093021538231,8.671270392242553,503_wind.csv,7969.78,59.67,0.52,74
0.030710999999999933,7.314153421874219,75.19093021538231,8.671270392242553,503_wind.csv,4852.66,62.9,0.6,42
0.037019999999999935,7.314153421874219,75.19093021538231,8.671270392242553,503_wind.csv,5996.45,33.81,0.38,941
0.034632,7.314153421874219,75.19093021538231,8.671270392242553,503_wind.csv,6977.06,53.78,0.41,140
0.04127400000000003,7.314153421874219,75.19093021538231,8.671270392242553,503_wind.csv,9088.75,41.68,0.61,239
0.04123599999999994,7.314153421874219,75.19093021538231,8.671270392242553,503_wind.csv,4981.75,68.47,0.62,8
0.059969999999999864,7.314153421874219,75.19093021538231,8.671270392242553,503_wind.csv,7769.99,72.93,0.54,15
0.03431099999999998,7.314153421874219,75.19093021538231,8.671270392242553,503_wind.csv,9160.03,36.79,0.8,105
0.036826000000000025,7.314153421874219,75.19093021538231,8.671270392242553,503_wind.csv,5193.84,65.14,0.38,126
0.037111999999999916,7.314153421874219,75.19093021538231,8.671270392242553,503_wind.csv,5315.5,71.09,0.63,312
0.03920400000000002,7.314153421874219,75.19093021538231,8.671270392242553,503_wind.csv,4936.5,44.24,0.62,22
0.03431699999999993,7.314153421874219,75.19093021538231,8.671270392242553,503_wind.csv,6905.66,50.26,0.65,75
0.0393460000000001,7.314153421874219,75.19093021538231,8.671270392242553,503_wind.csv,8755.53,48.94,0.82,215
0.03703899999999993,7.314153421874219,75.19093021538231,8.671270392242553,503_wind.csv,9673.87,61.65,0.17,947
0.04736600000000002,7.314153421874219,75.19093021538231,8.671270392242553,503_wind.csv,9471.72,40.64,0.6,105
0.027471000000000027,7.314153421874219,75.19093021538231,8.671270392242553,503_wind.csv,4135.74,58.46,0.31,41
0.01864600000000005,0.5,0.25,0.5,analcatdata_cyyoung9302.csv,7268.49,67.45,0.44,954
0.019133999999999984,0.5,0.25,0.5,analcatdata_cyyoung9302.csv,8318.7,65.96,0.28,967
0.01924000000000004,0.5,0.25,0.5,analcatdata_cyyoung9302.csv,4926.42,60.98,0.41,256
0.027048000000000072,0.5,0.25,0.5,analcatdata_cyyoung9302.csv,7286.46,74.05,0.46,359
0.022634000000000043,0.5,0.25,0.5,analcatdata_cyyoung9302.csv,5996.45,33.81,0.38,941
0.021125999999999975,0.5,0.25,0.5,analcatdata_cyyoung9302.csv,9111.0,46.61,0.65,95
0.02468000000000004,0.5,0.25,0.5,analcatdata_cyyoung9302.csv,4852.66,62.9,0.6,42
0.026247999999999938,0.5,0.25,0.5,analcatdata_cyyoung9302.csv,7969.78,59.67,0.52,74
0.018425999999999942,0.5,0.25,0.5,analcatdata_cyyoung9302.csv,6977.06,53.78,0.41,140
0.01935200000000004,0.5,0.25,0.5,analcatdata_cyyoung9302.csv,4981.75,68.47,0.62,8
0.024838999999999944,0.5,0.25,0.5,analcatdata_cyyoung9302.csv,9088.75,41.68,0.61,239
0.027044000000000068,0.5,0.25,0.5,analcatdata_cyyoung9302.csv,7769.99,72.93,0.54,15
0.02995700000000001,0.5,0.25,0.5,analcatdata_cyyoung9302.csv,9160.03,36.79,0.8,105
0.02392700000000003,0.5,0.25,0.5,analcatdata_cyyoung9302.csv,4936.5,44.24,0.62,22
0.02125200000000005,0.5,0.25,0.5,analcatdata_cyyoung9302.csv,5193.84,65.14,0.38,126
0.02656700000000001,0.5,0.25,0.5,analcatdata_cyyoung9302.csv,5315.5,71.09,0.63,312
0.019954999999999945,0.5,0.25,0.5,analcatdata_cyyoung9302.csv,6905.66,50.26,0.65,75
0.02306599999999992,0.5,0.25,0.5,analcatdata_cyyoung9302.csv,8755.53,48.94,0.82,215
0.018828999999999985,0.5,0.25,0.5,analcatdata_cyyoung9302.csv,9673.87,61.65,0.17,947
0.026270000000000127,0.5,0.25,0.5,analcatdata_cyyoung9302.csv,9471.72,40.64,0.6,105
0.014779000000000098,0.5,0.25,0.5,analcatdata_cyyoung9302.csv,4135.74,58.46,0.31,41
0.051209999999999985,0.794470791403825,1.1582239621584918,1.0762081407230164,588_fri_c4_1000_100.csv,4926.42,60.98,0.41,256
0.04803999999999986,0.794470791403825,1.1582239621584918,1.0762081407230164,588_fri_c4_1000_100.csv,8318.7,65.96,0.28,967
0.05286499999999994,0.794470791403825,1.1582239621584918,1.0762081407230164,588_fri_c4_1000_100.csv,7268.49,67.45,0.44,954
0.05723600000000007,0.794470791403825,1.1582239621584918,1.0762081407230164,588_fri_c4_1000_100.csv,7286.46,74.05,0.46,359
0.04713600000000007,0.794470791403825,1.1582239621584918,1.0762081407230164,588_fri_c4_1000_100.csv,4852.66,62.9,0.6,42
0.05419700000000005,0.794470791403825,1.1582239621584918,1.0762081407230164,588_fri_c4_1000_100.csv,5996.45,33.81,0.38,941
0.06029700000000005,0.794470791403825,1.1582239621584918,1.0762081407230164,588_fri_c4_1000_100.csv,7969.78,59.67,0.52,74
0.05064999999999986,0.794470791403825,1.1582239621584918,1.0762081407230164,588_fri_c4_1000_100.csv,9111.0,46.61,0.65,95
0.04093000000000002,0.794470791403825,1.1582239621584918,1.0762081407230164,588_fri_c4_1000_100.csv,9088.75,41.68,0.61,239
0.04031700000000005,0.794470791403825,1.1582239621584918,1.0762081407230164,588_fri_c4_1000_100.csv,6977.06,53.78,0.41,140
0.054759,0.794470791403825,1.1582239621584918,1.0762081407230164,588_fri_c4_1000_100.csv,4981.75,68.47,0.62,8
0.05381199999999997,0.794470791403825,1.1582239621584918,1.0762081407230164,588_fri_c4_1000_100.csv,7769.99,72.93,0.54,15
0.049229999999999885,0.794470791403825,1.1582239621584918,1.0762081407230164,588_fri_c4_1000_100.csv,4936.5,44.24,0.62,22
0.060410000000000075,0.794470791403825,1.1582239621584918,1.0762081407230164,588_fri_c4_1000_100.csv,5193.84,65.14,0.38,126
0.046653999999999966,0.794470791403825,1.1582239621584918,1.0762081407230164,588_fri_c4_1000_100.csv,9160.03,36.79,0.8,105
0.04839000000000016,0.794470791403825,1.1582239621584918,1.0762081407230164,588_fri_c4_1000_100.csv,5315.5,71.09,0.63,312
0.0444739999999999,0.794470791403825,1.1582239621584918,1.0762081407230164,588_fri_c4_1000_100.csv,9673.87,61.65,0.17,947
0.05154000000000003,0.794470791403825,1.1582239621584918,1.0762081407230164,588_fri_c4_1000_100.csv,6905.66,50.26,0.65,75
0.05494599999999994,0.794470791403825,1.1582239621584918,1.0762081407230164,588_fri_c4_1000_100.csv,8755.53,48.94,0.82,215
0.06559000000000004,0.794470791403825,1.1582239621584918,1.0762081407230164,588_fri_c4_1000_100.csv,9471.72,40.64,0.6,105
0.03744999999999998,0.794470791403825,1.1582239621584918,1.0762081407230164,588_fri_c4_1000_100.csv,4135.74,58.46,0.31,41
0.018152000000000168,0.5,0.25,0.5,prnn_crabs.csv,9684.35,50.44,0.75,21
0.02137900000000004,0.5,0.25,0.5,prnn_crabs.csv,4384.62,63.38,0.44,126
0.027081999999999832,0.5,0.25,0.5,prnn_crabs.csv,7344.75,75.58,0.65,232
0.02645600000000004,0.5,0.25,0.5,prnn_crabs.csv,5004.31,61.06,0.55,28
0.022079999999999992,0.5,0.25,0.5,prnn_crabs.csv,4523.17,68.54,0.47,59
0.02498199999999984,0.5,0.25,0.5,prnn_crabs.csv,5104.48,61.38,0.53,58
0.026394999999999943,0.5,0.25,0.5,prnn_crabs.csv,5124.49,66.85,0.51,140
0.02753899999999998,0.5,0.25,0.5,prnn_crabs.csv,8024.13,55.39,0.25,916
0.02306900000000001,0.5,0.25,0.5,prnn_crabs.csv,4456.59,64.4,0.58,24
0.020851999999999867,0.5,0.25,0.5,prnn_crabs.csv,4597.91,68.33,0.53,80
0.0215240000000001,0.5,0.25,0.5,prnn_crabs.csv,4043.88,74.52,0.47,26
0.0263040000000001,0.5,0.25,0.5,prnn_crabs.csv,7563.19,52.12,0.23,954
0.022804999999999964,0.5,0.25,0.5,prnn_crabs.csv,7265.01,66.47,0.32,975
0.02279999999999993,0.5,0.25,0.5,prnn_crabs.csv,7078.58,64.5,0.52,224
0.02931499999999998,0.5,0.25,0.5,prnn_crabs.csv,7842.29,58.29,0.29,980
0.0283739999999999,0.5,0.25,0.5,prnn_crabs.csv,8751.21,58.35,0.8,70
0.024353999999999987,0.5,0.25,0.5,prnn_crabs.csv,8818.7,51.45,0.64,60
0.0279189999999998,0.5,0.25,0.5,prnn_crabs.csv,7554.24,70.55,0.48,218
0.022566000000000086,0.5,0.25,0.5,prnn_crabs.csv,8279.0,65.52,0.32,937
0.029000999999999832,0.5,0.25,0.5,prnn_crabs.csv,5779.96,72.19,0.48,63
0.01910299999999987,0.5,0.25,0.5,prnn_crabs.csv,7983.53,59.15,0.32,948
0.02034699999999989,0.5,0.25,0.5,prnn_crabs.csv,7831.28,52.91,0.32,906
0.029773999999999967,0.5,0.25,0.5,prnn_crabs.csv,9767.18,44.17,0.69,6
0.026667,0.5,0.25,0.5,prnn_crabs.csv,4358.69,63.07,0.5,64
0.018994999999999877,3.6449999641006183,20.313266313897095,4.507024108421997,229_pwLinear.csv,7344.75,75.58,0.65,232
0.02185300000000012,3.6449999641006183,20.313266313897095,4.507024108421997,229_pwLinear.csv,4384.62,63.38,0.44,126
0.030561000000000064,3.6449999641006183,20.313266313897095,4.507024108421997,229_pwLinear.csv,9684.35,50.44,0.75,21
0.029824999999999987,3.6449999641006183,20.313266313897095,4.507024108421997,229_pwLinear.csv,5004.31,61.06,0.55,28
0.018205999999999944,3.6449999641006183,20.313266313897095,4.507024108421997,229_pwLinear.csv,5124.49,66.85,0.51,140
0.019821000000000092,3.6449999641006183,20.313266313897095,4.507024108421997,229_pwLinear.csv,5104.48,61.38,0.53,58
0.02722800000000003,3.6449999641006183,20.313266313897095,4.507024108421997,229_pwLinear.csv,8024.13,55.39,0.25,916
0.026641000000000137,3.6449999641006183,20.313266313897095,4.507024108421997,229_pwLinear.csv,4523.17,68.54,0.47,59
0.01644699999999999,3.6449999641006183,20.313266313897095,4.507024108421997,229_pwLinear.csv,7563.19,52.12,0.23,954
0.02009099999999997,3.6449999641006183,20.313266313897095,4.507024108421997,229_pwLinear.csv,4597.91,68.33,0.53,80
0.024027000000000017,3.6449999641006183,20.313266313897095,4.507024108421997,229_pwLinear.csv,4456.59,64.4,0.58,24
0.028540999999999924,3.6449999641006183,20.313266313897095,4.507024108421997,229_pwLinear.csv,4043.88,74.52,0.47,26
0.01862199999999992,3.6449999641006183,20.313266313897095,4.507024108421997,229_pwLinear.csv,7078.58,64.5,0.52,224
0.019959999999999974,3.6449999641006183,20.313266313897095,4.507024108421997,229_pwLinear.csv,7842.29,58.29,0.29,980
0.022324999999999928,3.6449999641006183,20.313266313897095,4.507024108421997,229_pwLinear.csv,8751.21,58.35,0.8,70
0.024426999999999977,3.6449999641006183,20.313266313897095,4.507024108421997,229_pwLinear.csv,7265.01,66.47,0.32,975
0.017607999999999957,3.6449999641006183,20.313266313897095,4.507024108421997,229_pwLinear.csv,8279.0,65.52,0.32,937
0.024181000000000008,3.6449999641006183,20.313266313897095,4.507024108421997,229_pwLinear.csv,8818.7,51.45,0.64,60
0.024893999999999968,3.6449999641006183,20.313266313897095,4.507024108421997,229_pwLinear.csv,7554.24,70.55,0.48,218
0.02419499999999997,3.6449999641006183,20.313266313897095,4.507024108421997,229_pwLinear.csv,5779.96,72.19,0.48,63
0.018066999999999944,3.6449999641006183,20.313266313897095,4.507024108421997,229_pwLinear.csv,7983.53,59.15,0.32,948
0.01715399999999989,3.6449999641006183,20.313266313897095,4.507024108421997,229_pwLinear.csv,4358.69,63.07,0.5,64
0.02138200000000001,3.6449999641006183,20.313266313897095,4.507024108421997,229_pwLinear.csv,7831.28,52.91,0.32,906
0.02967200000000003,3.6449999641006183,20.313266313897095,4.507024108421997,229_pwLinear.csv,9767.18,44.17,0.69,6
0.04730499999999993,0.794470791403825,1.1582239621584918,1.0762081407230164,588_fri_c4_1000_100.csv,9684.35,50.44,0.75,21
0.053927999999999976,0.794470791403825,1.1582239621584918,1.0762081407230164,588_fri_c4_1000_100.csv,5004.31,61.06,0.55,28
0.052590000000000026,0.794470791403825,1.1582239621584918,1.0762081407230164,588_fri_c4_1000_100.csv,4384.62,63.38,0.44,126
0.05230900000000005,0.794470791403825,1.1582239621584918,1.0762081407230164,588_fri_c4_1000_100.csv,7344.75,75.58,0.65,232
0.05301900000000004,0.794470791403825,1.1582239621584918,1.0762081407230164,588_fri_c4_1000_100.csv,8024.13,55.39,0.25,916
0.04146000000000005,0.794470791403825,1.1582239621584918,1.0762081407230164,588_fri_c4_1000_100.csv,4523.17,68.54,0.47,59
0.04263800000000007,0.794470791403825,1.1582239621584918,1.0762081407230164,588_fri_c4_1000_100.csv,5104.48,61.38,0.53,58
0.050874000000000086,0.794470791403825,1.1582239621584918,1.0762081407230164,588_fri_c4_1000_100.csv,5124.49,66.85,0.51,140
0.042478000000000016,0.794470791403825,1.1582239621584918,1.0762081407230164,588_fri_c4_1000_100.csv,7563.19,52.12,0.23,954
0.05469200000000008,0.794470791403825,1.1582239621584918,1.0762081407230164,588_fri_c4_1000_100.csv,4597.91,68.33,0.53,80
0.052312000000000025,0.794470791403825,1.1582239621584918,1.0762081407230164,588_fri_c4_1000_100.csv,4456.59,64.4,0.58,24
0.05004799999999998,0.794470791403825,1.1582239621584918,1.0762081407230164,588_fri_c4_1000_100.csv,4043.88,74.52,0.47,26
0.05441700000000005,0.794470791403825,1.1582239621584918,1.0762081407230164,588_fri_c4_1000_100.csv,7265.01,66.47,0.32,975
0.06096200000000007,0.794470791403825,1.1582239621584918,1.0762081407230164,588_fri_c4_1000_100.csv,8751.21,58.35,0.8,70
0.06705499999999986,0.794470791403825,1.1582239621584918,1.0762081407230164,588_fri_c4_1000_100.csv,7842.29,58.29,0.29,980
0.06783799999999995,0.794470791403825,1.1582239621584918,1.0762081407230164,588_fri_c4_1000_100.csv,7078.58,64.5,0.52,224
0.04649100000000006,0.794470791403825,1.1582239621584918,1.0762081407230164,588_fri_c4_1000_100.csv,7554.24,70.55,0.48,218
0.04630500000000004,0.794470791403825,1.1582239621584918,1.0762081407230164,588_fri_c4_1000_100.csv,8279.0,65.52,0.32,937
0.04827300000000001,0.794470791403825,1.1582239621584918,1.0762081407230164,588_fri_c4_1000_100.csv,8818.7,51.45,0.64,60
0.055795999999999964,0.794470791403825,1.1582239621584918,1.0762081407230164,588_fri_c4_1000_100.csv,5779.96,72.19,0.48,63
0.044080000000000015,0.794470791403825,1.1582239621584918,1.0762081407230164,588_fri_c4_1000_100.csv,9767.18,44.17,0.69,6
0.047117999999999986,0.794470791403825,1.1582239621584918,1.0762081407230164,588_fri_c4_1000_100.csv,7831.28,52.91,0.32,906
0.05362000000000001,0.794470791403825,1.1582239621584918,1.0762081407230164,588_fri_c4_1000_100.csv,4358.69,63.07,0.5,64
0.05143999999999993,0.794470791403825,1.1582239621584918,1.0762081407230164,588_fri_c4_1000_100.csv,7983.53,59.15,0.32,948
0.037360999999999984,0.5,0.25,0.5,analcatdata_cyyoung9302.csv,4384.62,63.38,0.44,126
0.03956800000000005,0.5,0.25,0.5,analcatdata_cyyoung9302.csv,7344.75,75.58,0.65,232
0.03465000000000007,0.5,0.25,0.5,analcatdata_cyyoung9302.csv,9684.35,50.44,0.75,21
0.03369500000000003,0.5,0.25,0.5,analcatdata_cyyoung9302.csv,5004.31,61.06,0.55,28
0.02774699999999997,0.5,0.25,0.5,analcatdata_cyyoung9302.csv,5124.49,66.85,0.51,140
0.03595499999999996,0.5,0.25,0.5,analcatdata_cyyoung9302.csv,5104.48,61.38,0.53,58
0.03414399999999995,0.5,0.25,0.5,analcatdata_cyyoung9302.csv,8024.13,55.39,0.25,916
0.03450500000000012,0.5,0.25,0.5,analcatdata_cyyoung9302.csv,4523.17,68.54,0.47,59
0.02205900000000005,0.5,0.25,0.5,analcatdata_cyyoung9302.csv,7563.19,52.12,0.23,954
0.02501500000000001,0.5,0.25,0.5,analcatdata_cyyoung9302.csv,4043.88,74.52,0.47,26
0.027986000000000063,0.5,0.25,0.5,analcatdata_cyyoung9302.csv,4456.59,64.4,0.58,24
0.030736000000000093,0.5,0.25,0.5,analcatdata_cyyoung9302.csv,4597.91,68.33,0.53,80
0.016742999999999952,0.5,0.25,0.5,analcatdata_cyyoung9302.csv,7078.58,64.5,0.52,224
0.01971500000000015,0.5,0.25,0.5,analcatdata_cyyoung9302.csv,7842.29,58.29,0.29,980
0.02306199999999992,0.5,0.25,0.5,analcatdata_cyyoung9302.csv,7265.01,66.47,0.32,975
0.03292099999999998,0.5,0.25,0.5,analcatdata_cyyoung9302.csv,8751.21,58.35,0.8,70
0.02701700000000007,0.5,0.25,0.5,analcatdata_cyyoung9302.csv,8818.7,51.45,0.64,60
0.0403690000000001,0.5,0.25,0.5,analcatdata_cyyoung9302.csv,8279.0,65.52,0.32,937
0.033313999999999844,0.5,0.25,0.5,analcatdata_cyyoung9302.csv,5779.96,72.19,0.48,63
0.03766999999999987,0.5,0.25,0.5,analcatdata_cyyoung9302.csv,7554.24,70.55,0.48,218
0.03098100000000015,0.5,0.25,0.5,analcatdata_cyyoung9302.csv,9767.18,44.17,0.69,6
0.035671000000000015,0.5,0.25,0.5,analcatdata_cyyoung9302.csv,4358.69,63.07,0.5,64
0.033339000000000014,0.5,0.25,0.5,analcatdata_cyyoung9302.csv,7983.53,59.15,0.32,948
0.04031499999999988,0.5,0.25,0.5,analcatdata_cyyoung9302.csv,7831.28,52.91,0.32,906
0.01819300000000001,0.5,0.25,0.5,tic_tac_toe.csv,7344.75,75.58,0.65,232
0.018962000000000145,0.5,0.25,0.5,tic_tac_toe.csv,4384.62,63.38,0.44,126
0.021029999999999882,0.5,0.25,0.5,tic_tac_toe.csv,5004.31,61.06,0.55,28
0.02716399999999997,0.5,0.25,0.5,tic_tac_toe.csv,9684.35,50.44,0.75,21
0.016826999999999925,0.5,0.25,0.5,tic_tac_toe.csv,8024.13,55.39,0.25,916
0.019719000000000042,0.5,0.25,0.5,tic_tac_toe.csv,5104.48,61.38,0.53,58
0.024680999999999956,0.5,0.25,0.5,tic_tac_toe.csv,5124.49,66.85,0.51,140
0.03132299999999999,0.5,0.25,0.5,tic_tac_toe.csv,4523.17,68.54,0.47,59
0.02172900000000011,0.5,0.25,0.5,tic_tac_toe.csv,4597.91,68.33,0.53,80
0.019341000000000053,0.5,0.25,0.5,tic_tac_toe.csv,4456.59,64.4,0.58,24
0.025783000000000108,0.5,0.25,0.5,tic_tac_toe.csv,7563.19,52.12,0.23,954
0.02245600000000003,0.5,0.25,0.5,tic_tac_toe.csv,4043.88,74.52,0.47,26
0.023380000000000067,0.5,0.25,0.5,tic_tac_toe.csv,7078.58,64.5,0.52,224
0.022062000000000026,0.5,0.25,0.5,tic_tac_toe.csv,7265.01,66.47,0.32,975
0.021996000000000016,0.5,0.25,0.5,tic_tac_toe.csv,8751.21,58.35,0.8,70
0.031393000000000004,0.5,0.25,0.5,tic_tac_toe.csv,7842.29,58.29,0.29,980
0.021221000000000045,0.5,0.25,0.5,tic_tac_toe.csv,7554.24,70.55,0.48,218
0.022421000000000024,0.5,0.25,0.5,tic_tac_toe.csv,5779.96,72.19,0.48,63
0.023291000000000058,0.5,0.25,0.5,tic_tac_toe.csv,8279.0,65.52,0.32,937
0.0325629999999999,0.5,0.25,0.5,tic_tac_toe.csv,8818.7,51.45,0.64,60
0.02068200000000009,0.5,0.25,0.5,tic_tac_toe.csv,7831.28,52.91,0.32,906
0.022444999999999826,0.5,0.25,0.5,tic_tac_toe.csv,9767.18,44.17,0.69,6
0.021787000000000112,0.5,0.25,0.5,tic_tac_toe.csv,4358.69,63.07,0.5,64
0.02498199999999995,0.5,0.25,0.5,tic_tac_toe.csv,7983.53,59.15,0.32,948
0.02108700000000008,7.591999913454057,81.73119812676192,9.0405308542564,body_fat.csv,7344.75,75.58,0.65,232
0.019623000000000057,7.591999913454057,81.73119812676192,9.0405308542564,body_fat.csv,4384.62,63.38,0.44,126
0.026850999999999958,7.591999913454057,81.73119812676192,9.0405308542564,body_fat.csv,5004.31,61.06,0.55,28
0.027528,7.591999913454057,81.73119812676192,9.0405308542564,body_fat.csv,9684.35,50.44,0.75,21
0.016908999999999952,7.591999913454057,81.73119812676192,9.0405308542564,body_fat.csv,8024.13,55.39,0.25,916
0.01944199999999996,7.591999913454057,81.73119812676192,9.0405308542564,body_fat.csv,5104.48,61.38,0.53,58
0.021465999999999985,7.591999913454057,81.73119812676192,9.0405308542564,body_fat.csv,5124.49,66.85,0.51,140
0.028981000000000038,7.591999913454057,81.73119812676192,9.0405308542564,body_fat.csv,4523.17,68.54,0.47,59
0.018185999999999924,7.591999913454057,81.73119812676192,9.0405308542564,body_fat.csv,4597.91,68.33,0.53,80
0.018627999999999974,7.591999913454057,81.73119812676192,9.0405308542564,body_fat.csv,4043.88,74.52,0.47,26
0.02118699999999996,7.591999913454057,81.73119812676192,9.0405308542564,body_fat.csv,7563.19,52.12,0.23,954
0.022509,7.591999913454057,81.73119812676192,9.0405308542564,body_fat.csv,4456.59,64.4,0.58,24
0.01697599999999999,7.591999913454057,81.73119812676192,9.0405308542564,body_fat.csv,8751.21,58.35,0.8,70
0.01679900000000001,7.591999913454057,81.73119812676192,9.0405308542564,body_fat.csv,7078.58,64.5,0.52,224
0.021973999999999938,7.591999913454057,81.73119812676192,9.0405308542564,body_fat.csv,7265.01,66.47,0.32,975
0.028812999999999974,7.591999913454057,81.73119812676192,9.0405308542564,body_fat.csv,7842.29,58.29,0.29,980
0.018715999999999955,7.591999913454057,81.73119812676192,9.0405308542564,body_fat.csv,8818.7,51.45,0.64,60
0.01898999999999995,7.591999913454057,81.73119812676192,9.0405308542564,body_fat.csv,5779.96,72.19,0.48,63
0.024019000000000013,7.591999913454057,81.73119812676192,9.0405308542564,body_fat.csv,7554.24,70.55,0.48,218
0.02774999999999994,7.591999913454057,81.73119812676192,9.0405308542564,body_fat.csv,8279.0,65.52,0.32,937
0.019824000000000064,7.591999913454057,81.73119812676192,9.0405308542564,body_fat.csv,9767.18,44.17,0.69,6
0.023534999999999858,7.591999913454057,81.73119812676192,9.0405308542564,body_fat.csv,4358.69,63.07,0.5,64
0.03043799999999996,7.591999913454057,81.73119812676192,9.0405308542564,body_fat.csv,7983.53,59.15,0.32,948
0.028741000000000124,7.591999913454057,81.73119812676192,9.0405308542564,body_fat.csv,7831.28,52.91,0.32,906
0.034546999999999994,7.314153421874219,75.19093021538231,8.671270392242553,503_wind.csv,9684.35,50.44,0.75,21
0.0370140000000001,7.314153421874219,75.19093021538231,8.671270392242553,503_wind.csv,7344.75,75.58,0.65,232
0.04399100000000011,7.314153421874219,75.19093021538231,8.671270392242553,503_wind.csv,5004.31,61.06,0.55,28
0.054019999999999964,7.314153421874219,75.19093021538227,8.67127039224255,503_wind.csv,4384.62,63.38,0.44,126
0.0491339999999999,7.314153421874219,75.19093021538231,8.671270392242553,503_wind.csv,5124.49,66.85,0.51,140
0.044679999999999935,7.314153421874219,75.19093021538231,8.671270392242553,503_wind.csv,8024.13,55.39,0.25,916
0.03378899999999985,7.314153421874219,75.19093021538231,8.671270392242553,503_wind.csv,4523.17,68.54,0.47,59
0.03709399999999996,7.314153421874219,75.19093021538231,8.671270392242553,503_wind.csv,5104.48,61.38,0.53,58
0.031586,7.314153421874219,75.19093021538231,8.671270392242553,503_wind.csv,7563.19,52.12,0.23,954
0.03368799999999994,7.314153421874219,75.19093021538231,8.671270392242553,503_wind.csv,4043.88,74.52,0.47,26
0.04790399999999995,7.314153421874219,75.19093021538231,8.671270392242553,503_wind.csv,4597.91,68.33,0.53,80
0.04906699999999997,7.314153421874219,75.19093021538231,8.671270392242553,503_wind.csv,4456.59,64.4,0.58,24
0.04377999999999993,7.314153421874219,75.19093021538231,8.671270392242553,503_wind.csv,8751.21,58.35,0.8,70
0.038616000000000095,7.314153421874219,75.19093021538231,8.671270392242553,503_wind.csv,7078.58,64.5,0.52,224
0.047910000000000015,7.314153421874219,75.19093021538231,8.671270392242553,503_wind.csv,7842.29,58.29,0.29,980
0.05651699999999993,7.314153421874219,75.19093021538231,8.671270392242553,503_wind.csv,7265.01,66.47,0.32,975
0.040255999999999965,7.314153421874219,75.19093021538231,8.671270392242553,503_wind.csv,8818.7,51.45,0.64,60
0.04227499999999995,7.314153421874219,75.19093021538231,8.671270392242553,503_wind.csv,8279.0,65.52,0.32,937
0.04599300000000006,7.314153421874219,75.19093021538231,8.671270392242553,503_wind.csv,5779.96,72.19,0.48,63
0.04687300000000005,7.314153421874219,75.19093021538231,8.671270392242553,503_wind.csv,7554.24,70.55,0.48,218
0.03263099999999985,7.314153421874219,75.19093021538231,8.671270392242553,503_wind.csv,9767.18,44.17,0.69,6
0.034518999999999966,7.314153421874219,75.19093021538231,8.671270392242553,503_wind.csv,7831.28,52.91,0.32,906
0.04092999999999991,7.314153421874219,75.19093021538231,8.671270392242553,503_wind.csv,7983.53,59.15,0.32,948
0.05027000000000004,7.314153421874219,75.19093021538231,8.671270392242553,503_wind.csv,4358.69,63.07,0.5,64
0.021231999999999918,0.8188977015018463,1.1916963420193736,1.091648451663526,658_fri_c3_250_25.csv,7344.75,75.58,0.65,232
0.026945000000000108,0.8188977015018463,1.1916963420193736,1.091648451663526,658_fri_c3_250_25.csv,5004.31,61.06,0.55,28
0.02280699999999991,0.8188977015018463,1.1916963420193736,1.091648451663526,658_fri_c3_250_25.csv,4384.62,63.38,0.44,126
0.02301099999999989,0.8188977015018463,1.1916963420193736,1.091648451663526,658_fri_c3_250_25.csv,9684.35,50.44,0.75,21
0.023584999999999967,0.8188977015018463,1.1916963420193736,1.091648451663526,658_fri_c3_250_25.csv,8024.13,55.39,0.25,916
0.021890999999999883,0.8188977015018463,1.1916963420193736,1.091648451663526,658_fri_c3_250_25.csv,5104.48,61.38,0.53,58
0.022618999999999945,0.8188977015018463,1.1916963420193736,1.091648451663526,658_fri_c3_250_25.csv,5124.49,66.85,0.51,140
0.022953,0.8188977015018463,1.1916963420193736,1.091648451663526,658_fri_c3_250_25.csv,4523.17,68.54,0.47,59
0.021822000000000008,0.8188977015018463,1.1916963420193736,1.091648451663526,658_fri_c3_250_25.csv,4043.88,74.52,0.47,26
0.02289299999999983,0.8188977015018463,1.1916963420193736,1.091648451663526,658_fri_c3_250_25.csv,7563.19,52.12,0.23,954
0.024681999999999867,0.8188977015018463,1.1916963420193736,1.091648451663526,658_fri_c3_250_25.csv,4456.59,64.4,0.58,24
0.029562000000000088,0.8188977015018463,1.1916963420193736,1.091648451663526,658_fri_c3_250_25.csv,4597.91,68.33,0.53,80
0.02300899999999984,0.8188977015018463,1.1916963420193736,1.091648451663526,658_fri_c3_250_25.csv,7842.29,58.29,0.29,980
0.02388900000000005,0.8188977015018463,1.1916963420193736,1.091648451663526,658_fri_c3_250_25.csv,7078.58,64.5,0.52,224
0.029223000000000002,0.8188977015018463,1.1916963420193736,1.091648451663526,658_fri_c3_250_25.csv,8751.21,58.35,0.8,70
0.03367000000000009,0.8188977015018463,1.1916963420193736,1.091648451663526,658_fri_c3_250_25.csv,7265.01,66.47,0.32,975
0.01992900000000009,0.8188977015018463,1.1916963420193736,1.091648451663526,658_fri_c3_250_25.csv,7554.24,70.55,0.48,218
0.020856999999999903,0.8188977015018463,1.1916963420193736,1.091648451663526,658_fri_c3_250_25.csv,8279.0,65.52,0.32,937
0.026697000000000196,0.8188977015018463,1.1916963420193736,1.091648451663526,658_fri_c3_250_25.csv,8818.7,51.45,0.64,60
0.0283469999999999,0.8188977015018463,1.1916963420193736,1.091648451663526,658_fri_c3_250_25.csv,5779.96,72.19,0.48,63
0.022216000000000014,0.8188977015018463,1.1916963420193736,1.091648451663526,658_fri_c3_250_25.csv,9767.18,44.17,0.69,6
0.026827000000000045,0.8188977015018463,1.1916963420193736,1.091648451663526,658_fri_c3_250_25.csv,7983.53,59.15,0.32,948
0.029863999999999887,0.8188977015018463,1.1916963420193736,1.091648451663526,658_fri_c3_250_25.csv,4358.69,63.07,0.5,64
0.03685700000000014,0.8188977015018463,1.1916963420193736,1.091648451663526,658_fri_c3_250_25.csv,7831.28,52.91,0.32,906
0.032510999999999964,0.9690539345711758,0.9690539345711758,0.9844053710596952,allbp.csv,7344.75,75.58,0.65,232
0.034546999999999994,0.9690539345711758,0.9690539345711758,0.9844053710596952,allbp.csv,5004.31,61.06,0.55,28
0.03416400000000008,0.9690539345711758,0.9690539345711758,0.9844053710596952,allbp.csv,4384.62,63.38,0.44,126
0.03793399999999991,0.9690539345711758,0.9690539345711758,0.9844053710596952,allbp.csv,9684.35,50.44,0.75,21
0.03270600000000001,0.9690539345711758,0.9690539345711758,0.9844053710596952,allbp.csv,5124.49,66.85,0.51,140
0.034237000000000066,0.9690539345711758,0.9690539345711758,0.9844053710596952,allbp.csv,4523.17,68.54,0.47,59
0.03817099999999996,0.9690539345711758,0.9690539345711758,0.9844053710596952,allbp.csv,8024.13,55.39,0.25,916
0.036504000000000085,0.9690539345711758,0.9690539345711758,0.9844053710596952,allbp.csv,5104.48,61.38,0.53,58
0.02894400000000008,0.9690539345711758,0.9690539345711758,0.9844053710596952,allbp.csv,4597.91,68.33,0.53,80
0.03142899999999993,0.9690539345711758,0.9690539345711758,0.9844053710596952,allbp.csv,7563.19,52.12,0.23,954
0.03339700000000001,0.9690539345711758,0.9690539345711758,0.9844053710596952,allbp.csv,4043.88,74.52,0.47,26
0.030513000000000005,0.9690539345711758,0.9690539345711758,0.9844053710596952,allbp.csv,4456.59,64.4,0.58,24
0.03801300000000008,0.9690539345711758,0.9690539345711758,0.9844053710596952,allbp.csv,7078.58,64.5,0.52,224
0.03746300000000002,0.9690539345711758,0.9690539345711758,0.9844053710596952,allbp.csv,7842.29,58.29,0.29,980
0.036706000000000016,0.9690539345711758,0.9690539345711758,0.9844053710596952,allbp.csv,8751.21,58.35,0.8,70
0.042915000000000036,0.9690539345711758,0.9690539345711758,0.9844053710596952,allbp.csv,7265.01,66.47,0.32,975
0.04082000000000008,0.9690539345711758,0.9690539345711758,0.9844053710596952,allbp.csv,7554.24,70.55,0.48,218
0.04602099999999998,0.9690539345711758,0.9690539345711758,0.9844053710596952,allbp.csv,8818.7,51.45,0.64,60
0.046359999999999964,0.9690539345711758,0.9690539345711758,0.9844053710596952,allbp.csv,8279.0,65.52,0.32,937
0.04722399999999993,0.9690539345711758,0.9690539345711758,0.9844053710596952,allbp.csv,5779.96,72.19,0.48,63
0.028438000000000074,0.9690539345711758,0.9690539345711758,0.9844053710596952,allbp.csv,7983.53,59.15,0.32,948
0.03156800000000004,0.9690539345711758,0.9690539345711758,0.9844053710596952,allbp.csv,4358.69,63.07,0.5,64
0.028627999999999987,0.9690539345711758,0.9690539345711758,0.9844053710596952,allbp.csv,7831.28,52.91,0.32,906
0.02851499999999985,0.9690539345711758,0.9690539345711758,0.9844053710596952,allbp.csv,9767.18,44.17,0.69,6
0.04022899999999996,0.5,0.25,0.5,Hill_Valley_with_noise.csv,7344.75,75.58,0.65,232
0.03831400000000007,0.5,0.25,0.5,Hill_Valley_with_noise.csv,5004.31,61.06,0.55,28
0.03720099999999993,0.5,0.25,0.5,Hill_Valley_with_noise.csv,9684.35,50.44,0.75,21
0.044020999999999984,0.5,0.25,0.5,Hill_Valley_with_noise.csv,4384.62,63.38,0.44,126
0.037060000000000086,0.5,0.25,0.5,Hill_Valley_with_noise.csv,5124.49,66.85,0.51,140
0.04685399999999995,0.5,0.25,0.5,Hill_Valley_with_noise.csv,5104.48,61.38,0.53,58
0.05147500000000005,0.5,0.25,0.5,Hill_Valley_with_noise.csv,4523.17,68.54,0.47,59
0.04705199999999987,0.5,0.25,0.5,Hill_Valley_with_noise.csv,8024.13,55.39,0.25,916
0.03782300000000005,0.5,0.25,0.5,Hill_Valley_with_noise.csv,4597.91,68.33,0.53,80
0.04021199999999992,0.5,0.25,0.5,Hill_Valley_with_noise.csv,4043.88,74.52,0.47,26
0.043621999999999835,0.5,0.25,0.5,Hill_Valley_with_noise.csv,4456.59,64.4,0.58,24
0.04774600000000007,0.5,0.25,0.5,Hill_Valley_with_noise.csv,7563.19,52.12,0.23,954
0.05524499999999999,0.5,0.25,0.5,Hill_Valley_with_noise.csv,7842.29,58.29,0.29,980
0.043701999999999915,0.5,0.25,0.5,Hill_Valley_with_noise.csv,7265.01,66.47,0.32,975
0.044524000000000015,0.5,0.25,0.5,Hill_Valley_with_noise.csv,8751.21,58.35,0.8,70
0.0563530000000001,0.5,0.25,0.5,Hill_Valley_with_noise.csv,7078.58,64.5,0.52,224
0.05257800000000002,0.5,0.25,0.5,Hill_Valley_with_noise.csv,8818.7,51.45,0.64,60
0.048828000000000094,0.5,0.25,0.5,Hill_Valley_with_noise.csv,5779.96,72.19,0.48,63
0.06045600000000007,0.5,0.25,0.5,Hill_Valley_with_noise.csv,8279.0,65.52,0.32,937
0.05393099999999995,0.5,0.25,0.5,Hill_Valley_with_noise.csv,7554.24,70.55,0.48,218
0.05586999999999986,0.5,0.25,0.5,Hill_Valley_with_noise.csv,7983.53,59.15,0.32,948
0.051197999999999855,0.5,0.25,0.5,Hill_Valley_with_noise.csv,9767.18,44.17,0.69,6
0.05404900000000002,0.5,0.25,0.5,Hill_Valley_with_noise.csv,7831.28,52.91,0.32,906
0.053757000000000055,0.5,0.25,0.5,Hill_Valley_with_noise.csv,4358.69,63.07,0.5,64
0.018518000000000038,0.5,0.25,0.5,prnn_crabs.csv,9368.06,50.29,0.7,2
0.02066200000000007,0.5,0.25,0.5,prnn_crabs.csv,8192.36,60.57,0.31,980
0.026476999999999973,0.5,0.25,0.5,prnn_crabs.csv,7450.36,58.55,0.36,969
0.024285000000000112,0.5,0.25,0.5,prnn_crabs.csv,4263.28,61.65,0.47,90
0.019981000000000027,0.5,0.25,0.5,prnn_crabs.csv,9416.68,56.12,0.72,32
0.02148799999999995,0.5,0.25,0.5,prnn_crabs.csv,9542.28,48.2,0.75,18
0.05739000000000005,0.5,0.25,0.5,Hill_Valley_with_noise.csv,9368.06,50.29,0.7,2
0.058983999999999925,0.5,0.25,0.5,Hill_Valley_with_noise.csv,4263.28,61.65,0.47,90
0.06848999999999994,0.5,0.25,0.5,Hill_Valley_with_noise.csv,7450.36,58.55,0.36,969
0.08043799999999979,0.5,0.25,0.5,Hill_Valley_with_noise.csv,8192.36,60.57,0.31,980
0.04876600000000009,0.5,0.25,0.5,Hill_Valley_with_noise.csv,9542.28,48.2,0.75,18
0.04796899999999993,0.5,0.25,0.5,Hill_Valley_with_noise.csv,9416.68,56.12,0.72,32
0.018226999999999997,0.5,0.25,0.5,analcatdata_cyyoung9302.csv,8192.36,60.57,0.31,980
0.018296999999999897,0.5,0.25,0.5,analcatdata_cyyoung9302.csv,7450.36,58.55,0.36,969
0.026665999999999856,0.5,0.25,0.5,analcatdata_cyyoung9302.csv,9368.06,50.29,0.7,2
0.02896500000000013,0.5,0.25,0.5,analcatdata_cyyoung9302.csv,4263.28,61.65,0.47,90
0.01608799999999999,0.5,0.25,0.5,analcatdata_cyyoung9302.csv,9416.68,56.12,0.72,32
0.01585599999999998,0.5,0.25,0.5,analcatdata_cyyoung9302.csv,9542.28,48.2,0.75,18
0.021515000000000062,0.8188977015018463,1.1916963420193736,1.091648451663526,658_fri_c3_250_25.csv,8192.36,60.57,0.31,980
0.02035500000000001,0.8188977015018463,1.1916963420193736,1.091648451663526,658_fri_c3_250_25.csv,7450.36,58.55,0.36,969
0.023415000000000075,0.8188977015018463,1.1916963420193736,1.091648451663526,658_fri_c3_250_25.csv,4263.28,61.65,0.47,90
0.031568999999999965,0.8188977015018463,1.1916963420193736,1.091648451663526,658_fri_c3_250_25.csv,9368.06,50.29,0.7,2
0.01925700000000008,0.8188977015018463,1.1916963420193736,1.091648451663526,658_fri_c3_250_25.csv,9416.68,56.12,0.72,32
0.018948000000000083,0.8188977015018463,1.1916963420193736,1.091648451663526,658_fri_c3_250_25.csv,9542.28,48.2,0.75,18
0.024065999999999917,0.5,0.25,0.5,tic_tac_toe.csv,9368.06,50.29,0.7,2
0.021781999999999968,0.5,0.25,0.5,tic_tac_toe.csv,8192.36,60.57,0.31,980
0.025530000000000053,0.5,0.25,0.5,tic_tac_toe.csv,4263.28,61.65,0.47,90
0.032060999999999895,0.5,0.25,0.5,tic_tac_toe.csv,7450.36,58.55,0.36,969
0.028154000000000005,0.5,0.25,0.5,tic_tac_toe.csv,9416.68,56.12,0.72,32
0.027542999999999877,0.5,0.25,0.5,tic_tac_toe.csv,9542.28,48.2,0.75,18
0.029720999999999886,0.9690539345711758,0.9690539345711758,0.9844053710596952,allbp.csv,8192.36,60.57,0.31,980
0.032015000000000134,0.9690539345711758,0.9690539345711758,0.9844053710596952,allbp.csv,9368.06,50.29,0.7,2
0.03223799999999999,0.9690539345711758,0.9690539345711758,0.9844053710596952,allbp.csv,4263.28,61.65,0.47,90
0.03994600000000004,0.9690539345711758,0.9690539345711758,0.9844053710596952,allbp.csv,7450.36,58.55,0.36,969
0.02533200000000013,0.9690539345711758,0.9690539345711758,0.9844053710596952,allbp.csv,9542.28,48.2,0.75,18
0.02507800000000016,0.9690539345711758,0.9690539345711758,0.9844053710596952,allbp.csv,9416.68,56.12,0.72,32
0.04108299999999998,0.794470791403825,1.1582239621584918,1.0762081407230164,588_fri_c4_1000_100.csv,8192.36,60.57,0.31,980
0.04196199999999994,0.794470791403825,1.1582239621584918,1.0762081407230164,588_fri_c4_1000_100.csv,7450.36,58.55,0.36,969
0.04614800000000008,0.794470791403825,1.1582239621584918,1.0762081407230164,588_fri_c4_1000_100.csv,4263.28,61.65,0.47,90
0.05399799999999999,0.794470791403825,1.1582239621584918,1.0762081407230164,588_fri_c4_1000_100.csv,9368.06,50.29,0.7,2
0.036286999999999965,0.794470791403825,1.1582239621584918,1.0762081407230164,588_fri_c4_1000_100.csv,9542.28,48.2,0.75,18
0.036719000000000064,0.794470791403825,1.1582239621584918,1.0762081407230164,588_fri_c4_1000_100.csv,9416.68,56.12,0.72,32
0.01806399999999997,7.591999913454057,81.73119812676192,9.0405308542564,body_fat.csv,7450.36,58.55,0.36,969
0.018622000000000027,7.591999913454057,81.73119812676192,9.0405308542564,body_fat.csv,4263.28,61.65,0.47,90
0.023915999999999937,7.591999913454057,81.73119812676192,9.0405308542564,body_fat.csv,9368.06,50.29,0.7,2
0.02876299999999998,7.591999913454057,81.73119812676192,9.0405308542564,body_fat.csv,8192.36,60.57,0.31,980
0.015934000000000004,7.591999913454057,81.73119812676192,9.0405308542564,body_fat.csv,9416.68,56.12,0.72,32
0.01585100000000006,7.591999913454057,81.73119812676192,9.0405308542564,body_fat.csv,9542.28,48.2,0.75,18
0.03091299999999997,7.314153421874219,75.19093021538231,8.671270392242553,503_wind.csv,9368.06,50.29,0.7,2
0.032362,7.314153421874219,75.19093021538231,8.671270392242553,503_wind.csv,8192.36,60.57,0.31,980
0.039800999999999975,7.314153421874219,75.19093021538231,8.671270392242553,503_wind.csv,4263.28,61.65,0.47,90
0.03688900000000006,7.314153421874219,75.19093021538231,8.671270392242553,503_wind.csv,7450.36,58.55,0.36,969
0.028951999999999974,7.314153421874219,75.19093021538231,8.671270392242553,503_wind.csv,9416.68,56.12,0.72,32
0.038801999999999996,7.314153421874219,75.19093021538231,8.671270392242553,503_wind.csv,9542.28,48.2,0.75,18
0.016580999999999957,3.6449999641006183,20.313266313897095,4.507024108421997,229_pwLinear.csv,7450.36,58.55,0.36,969
0.016198999999999963,3.6449999641006183,20.313266313897095,4.507024108421997,229_pwLinear.csv,8192.36,60.57,0.31,980
0.01790499999999995,3.6449999641006183,20.313266313897095,4.507024108421997,229_pwLinear.csv,9368.06,50.29,0.7,2
0.02645799999999998,3.6449999641006183,20.313266313897095,4.507024108421997,229_pwLinear.csv,4263.28,61.65,0.47,90
0.01562700000000006,3.6449999641006183,20.313266313897095,4.507024108421997,229_pwLinear.csv,9416.68,56.12,0.72,32
0.015747999999999984,3.6449999641006183,20.313266313897095,4.507024108421997,229_pwLinear.csv,9542.28,48.2,0.75,18
0.035578,0.794470791403825,1.1582239621584918,1.0762081407230164,588_fri_c4_1000_100.csv,4881.59,66.04,0.52,79
0.03650500000000001,0.794470791403825,1.1582239621584918,1.0762081407230164,588_fri_c4_1000_100.csv,9276.17,51.04,0.7,29
0.01610900000000004,0.5,0.25,0.5,analcatdata_cyyoung9302.csv,4881.59,66.04,0.52,79
0.015327999999999897,0.5,0.25,0.5,analcatdata_cyyoung9302.csv,9276.17,51.04,0.7,29
0.025498000000000017,0.9690539345711758,0.9690539345711758,0.9844053710596952,allbp.csv,4881.59,66.04,0.52,79
0.02517400000000003,0.9690539345711758,0.9690539345711758,0.9844053710596952,allbp.csv,9276.17,51.04,0.7,29
0.017411999999999983,0.8188977015018463,1.1916963420193736,1.091648451663526,658_fri_c3_250_25.csv,9276.17,51.04,0.7,29
0.017385000000000206,0.8188977015018463,1.1916963420193736,1.091648451663526,658_fri_c3_250_25.csv,4881.59,66.04,0.52,79
0.017846999999999946,7.591999913454057,81.73119812676192,9.0405308542564,body_fat.csv,4881.59,66.04,0.52,79
0.01950799999999986,7.591999913454057,81.73119812676192,9.0405308542564,body_fat.csv,9276.17,51.04,0.7,29
0.034872000000000014,0.5,0.25,0.5,Hill_Valley_with_noise.csv,4881.59,66.04,0.52,79
0.035409999999999935,0.5,0.25,0.5,Hill_Valley_with_noise.csv,9276.17,51.04,0.7,29
0.03483300000000012,7.314153421874219,75.19093021538231,8.671270392242553,503_wind.csv,9276.17,51.04,0.7,29
0.03439300000000012,7.314153421874219,75.19093021538231,8.671270392242553,503_wind.csv,4881.59,66.04,0.52,79
0.016270999999999924,3.6449999641006183,20.313266313897095,4.507024108421997,229_pwLinear.csv,9276.17,51.04,0.7,29
0.016386000000000008,3.6449999641006183,20.313266313897095,4.507024108421997,229_pwLinear.csv,4881.59,66.04,0.52,79
0.016950999999999942,0.5,0.25,0.5,prnn_crabs.csv,9276.17,51.04,0.7,29
0.017118999999999884,0.5,0.25,0.5,prnn_crabs.csv,4881.59,66.04,0.52,79
0.015767000000000087,0.5,0.25,0.5,tic_tac_toe.csv,4881.59,66.04,0.52,79
0.017742999999999842,0.5,0.25,0.5,tic_tac_toe.csv,9276.17,51.04,0.7,29
0.016971999999999987,0.8188977015018463,1.1916963420193736,1.091648451663526,658_fri_c3_250_25.csv,9555.34,51.98,0.68,50
0.03129000000000004,0.5,0.25,0.5,Hill_Valley_with_noise.csv,9555.34,51.98,0.68,50
0.015749000000000013,3.6449999641006183,20.313266313897095,4.507024108421997,229_pwLinear.csv,9555.34,51.98,0.68,50
0.035023000000000026,0.794470791403825,1.1582239621584918,1.0762081407230164,588_fri_c4_1000_100.csv,9555.34,51.98,0.68,50
0.014905999999999862,0.5,0.25,0.5,tic_tac_toe.csv,9555.34,51.98,0.68,50
0.01506699999999994,0.5,0.25,0.5,prnn_crabs.csv,9555.34,51.98,0.68,50
0.032591999999999954,7.314153421874219,75.19093021538231,8.671270392242553,503_wind.csv,9555.34,51.98,0.68,50
0.015247000000000009,7.591999913454057,81.73119812676192,9.0405308542564,body_fat.csv,9555.34,51.98,0.68,50
0.01593,0.5,0.25,0.5,analcatdata_cyyoung9302.csv,9555.34,51.98,0.68,50
0.02488900000000016,0.9690539345711758,0.9690539345711758,0.9844053710596952,allbp.csv,9555.34,51.98,0.68,50
0.02038000000000006,0.5,0.25,0.5,analcatdata_cyyoung9302.csv,9661.79,51.04,0.7,21
0.031117999999999982,0.9690539345711758,0.9690539345711758,0.9844053710596952,allbp.csv,9661.79,51.04,0.7,21
0.021247000000000016,7.591999913454057,81.73119812676192,9.0405308542564,body_fat.csv,9661.79,51.04,0.7,21
0.0461109999999999,0.5,0.25,0.5,Hill_Valley_with_noise.csv,9661.79,51.04,0.7,21
0.018086999999999964,0.5,0.25,0.5,prnn_crabs.csv,9661.79,51.04,0.7,21
0.023312,0.5,0.25,0.5,tic_tac_toe.csv,9661.79,51.04,0.7,21
0.02165600000000001,3.6449999641006183,20.313266313897095,4.507024108421997,229_pwLinear.csv,9661.79,51.04,0.7,21
0.03766799999999992,7.314153421874219,75.19093021538231,8.671270392242553,503_wind.csv,9661.79,51.04,0.7,21
0.02014499999999997,7.591999913454057,81.73119812676192,9.0405308542564,body_fat.csv,4682.51,63.93,0.5,61
0.027421999999999943,0.8188977015018463,1.1916963420193736,1.091648451663526,658_fri_c3_250_25.csv,9661.79,51.04,0.7,21
0.053589,0.794470791403825,1.1582239621584918,1.0762081407230164,588_fri_c4_1000_100.csv,9661.79,51.04,0.7,21
0.05672699999999997,0.5,0.25,0.5,Hill_Valley_with_noise.csv,4682.51,63.93,0.5,61
0.02391299999999996,0.5,0.25,0.5,analcatdata_cyyoung9302.csv,4682.51,63.93,0.5,61
0.02514400000000005,0.5,0.25,0.5,prnn_crabs.csv,4682.51,63.93,0.5,61
0.026105000000000045,3.6449999641006183,20.313266313897095,4.507024108421997,229_pwLinear.csv,4682.51,63.93,0.5,61
0.03148899999999999,0.9690539345711758,0.9690539345711758,0.9844053710596952,allbp.csv,4682.51,63.93,0.5,61
0.02513299999999996,0.8188977015018463,1.1916963420193736,1.091648451663526,658_fri_c3_250_25.csv,4682.51,63.93,0.5,61
0.03535300000000008,7.314153421874219,75.19093021538235,8.671270392242555,503_wind.csv,4682.51,63.93,0.5,61
0.04513699999999998,0.794470791403825,1.1582239621584918,1.0762081407230164,588_fri_c4_1000_100.csv,4682.51,63.93,0.5,61
0.02304700000000004,0.5,0.25,0.5,tic_tac_toe.csv,4682.51,63.93,0.5,61
